
[+] Cikkek letöltésének indítása: 1187 cikk feldolgozása...
    - Stratégia: szerverek közötti kevert sorrend (round-robin interleave)
    - Célkönyvtár: /Users/lowandras/Py_docs/hir_sites/scraped_articles
[  1/1187] Letöltés (ID  282 | Nepszava    ): https://nepszava.hu/3332280_lakossagi-megtakaritas-allampapir-kes...
      [✓] Mentve: 3x MD + Meta/NLP JSON (Cím: A pénz még mindig a cihában van)
[  2/1187] Letöltés (ID 1256 | Vadhajtasok ): https://www.vadhajtasok.hu/2026/09/08/rovar-ur-bejelentette-orban...
      [✓] Mentve: 3x MD + Meta/NLP JSON (Cím: Rovar úr szerint Orbánék már Brüsszelben mósz)
[  3/1187] Letöltés (ID 1104 | Portfolio   ): https://www.portfolio.hu/gazdasag/20260909/ausztralia-besokallt-t...
      [✓] Mentve: 3x MD + Meta/NLP JSON (Cím: Ausztrália besokallt: törvénnyel kényszeríten)
[  4/1187] Letöltés (ID  181 | Origo       ): https://www.origo.hu/auto/2026/09/ferrari-szetszaladtak-a-lovak-f...
      [✓] Mentve: 3x MD + Meta/NLP JSON (Cím: Szétszaladtak a lovak, falnak ütközött a Ferr)
[  5/1187] Letöltés (ID  534 | 24.hu       ): https://24.hu/kulfold/2026/09/07/libanon-izrael-tamadas-11-halott...
      [✓] Mentve: 3x MD + Meta/NLP JSON (Cím: Izrael az éjjel lecsapott egy dél-libanoni fa)
[  6/1187] Letöltés (ID  724 | Blikk       ): https://www.blikk.hu/sztarvilag/hazai-sztarok/varnus-xaver-templo...
      [✓] Mentve: 3x MD + Meta/NLP JSON (Cím: Van aki lakást vesz, Varnus Xavér falusi temp)
[  7/1187] Letöltés (ID  571 | 24.hu       ): https://sokszinuvidek.24.hu/mozaik/2026/09/08/tisza-meder-jegkors...
      [✓] Mentve: 3x MD + Meta/NLP JSON (Cím: Azt hitték, horgonyt találtak vízitúrázás köz)
[  8/1187] Letöltés (ID  357 | Nepszava    ): https://nepszava.hu/3332298_i-bartolomaiosz-konstantinapoly-patri...
      [✓] Mentve: 3x MD + Meta/NLP JSON (Cím: Budapestre érkezett I. Bartolomaiosz konstant)
[  9/1187] Letöltés (ID  727 | Blikk       ): https://www.blikk.hu/auto/olaszorszag-autopalya-no-forgalommal-sz...
      [✓] Mentve: 3x MD + Meta/NLP JSON (Cím: 50 kilométert ment a forgalommal szemben az a)
[ 10/1187] Letöltés (ID  230 | Origo       ): https://www.origo.hu/teve/2026/09/hazassag-elso-latasra-jan-juci...
      [✓] Mentve: 3x MD + Meta/NLP JSON (Cím: A Házasság első látásra Jánja és Jucija egyre)
[ 11/1187] Letöltés (ID 1210 | Vadhajtasok ): https://www.vadhajtasok.hu/2026/09/07/a-szerb-kormany-a-parlament...
      [✓] Mentve: 3x MD + Meta/NLP JSON (Cím: A szerb kormány a parlament feloszlatását és )
[ 12/1187] Letöltés (ID 1119 | Portfolio   ): https://www.portfolio.hu/befektetes/20260908/rejtozkodo-megatrend...
      [✓] Mentve: 3x MD + Meta/NLP JSON (Cím: Rejtőzködő megatrendre bukkantunk a tőzsdén –)
[ 13/1187] Letöltés (ID  526 | 24.hu       ): https://ng.24.hu/termeszet/2026/09/08/fak-legszennyezes-szmog...
      [✓] Mentve: 3x MD + Meta/NLP JSON (Cím: Nem minden fa javítja a városi levegőt)
[ 14/1187] Letöltés (ID  818 | Blikk       ): https://www.kiskegyed.hu/most-tortenik/kiutasitas-oroszorszag-mag...
      [✓] Mentve: 3x MD + Meta/NLP JSON (Cím: Durván reagált az orosz külügyi szóvivő Magya)
[ 15/1187] Letöltés (ID 1243 | Vadhajtasok ): https://www.vadhajtasok.hu/2026/09/08/tavaly-februar-ota-nem-tapa...
      [✓] Mentve: 3x MD + Meta/NLP JSON (Cím: Tavaly február óta nem tapasztalt emelés jöhe)
[ 16/1187] Letöltés (ID  124 | Origo       ): https://www.origo.hu/eletmod/2026/08/spanyol-etelek-receptjei...
      [✓] Mentve: 3x MD + Meta/NLP JSON (Cím: Spanyol ételek: az 5 legjobb tradicionális fo)
[ 17/1187] Letöltés (ID  291 | Nepszava    ): https://nepszava.hu/3332400_varga-barnabas-bajnokok-ligaja-aek-at...
      [✓] Mentve: 3x MD + Meta/NLP JSON (Cím: Varga Barnabás és Vitális először játszhat a )
[ 18/1187] Letöltés (ID  916 | Portfolio   ): https://www.portfolio.hu/gazdasag/20260908/itt-a-tokenizacios-for...
      [✓] Mentve: 3x MD + Meta/NLP JSON (Cím: Itt a tokenizációs fordulat? Amíg a bitcoin i)
[ 19/1187] Letöltés (ID 1262 | Vadhajtasok ): https://www.vadhajtasok.hu/2026/09/08/negyven-eve-nem-latott-brav...
      [✓] Mentve: 3x MD + Meta/NLP JSON (Cím: Negyven éve nem látott bravúrral vb-negyeddön)
[ 20/1187] Letöltés (ID  529 | 24.hu       ): https://ng.24.hu/fold/2026/09/07/adatkozpont-fold-korul-csillagos...
      [✓] Mentve: 3x MD + Meta/NLP JSON (Cím: Viszlát, sötétség: így alakítanák át a kering)
[ 21/1187] Letöltés (ID  323 | Nepszava    ): https://nepszava.hu/3330135_magyarorszag-tisza-kormany-rendszerva...
      [✓] Mentve: 3x MD + Meta/NLP JSON (Cím: Rendszerváltás után hátradőlés: ha ez így meg)
[ 22/1187] Letöltés (ID  987 | Portfolio   ): https://www.portfolio.hu/gazdasag/20260906/reneszansz-helyett-ele...
      [✓] Mentve: 3x MD + Meta/NLP JSON (Cím: Reneszánsz helyett eleve bukásra van ítélve a)
[ 23/1187] Letöltés (ID   21 | Origo       ): https://www.origo.hu/nagyvilag/2026/09/vadaszgep-orosz-utkozes-pi...
      [✓] Mentve: 3x MD + Meta/NLP JSON (Cím: Összeütközött két orosz vadászgép, az egyik p)
[ 24/1187] Letöltés (ID  784 | Blikk       ): https://www.blikk.hu/sztarvilag/hazai-sztarok/bereczki-zoltan-val...
      [✓] Mentve: 3x MD + Meta/NLP JSON (Cím: „Minden harmadik nap sírok” – Bereczki Zoltán)
[ 25/1187] Letöltés (ID  848 | Blikk       ): https://www.blikk.hu/sztarvilag/hazai-sztarok/cserhalmi-gyorgy-na...
      [✓] Mentve: 3x MD + Meta/NLP JSON (Cím: Keményen odaszúrt Cserhalmi György Nagy Ervin)
[ 26/1187] Letöltés (ID   55 | Origo       ): https://www.origo.hu/filmklub/2026/09/pamela-anderson-velencei-fi...
      [✓] Mentve: 3x MD + Meta/NLP JSON (Cím: Pamela Anderson smink nélkül is felperzselte )
[ 27/1187] Letöltés (ID 1186 | Vadhajtasok ): https://www.vadhajtasok.hu/2026/09/08/retvari-bence-az-ellenzeki-...
      [✓] Mentve: 3x MD + Meta/NLP JSON (Cím: Rétvári Bence: férgezésnek nincs helye a parl)
[ 28/1187] Letöltés (ID  297 | Nepszava    ): https://nepszava.hu/3332410_mfb-tiborcz-kapitany-istvan-feljelent...
      [✓] Mentve: 3x MD + Meta/NLP JSON (Cím: Olcsó hitelt kapott Tiborcz István az MFB-től)
[ 29/1187] Letöltés (ID  636 | 24.hu       ): https://24.hu/sport/2026/09/08/tenisz-us-open-arina-szabalenka-el...
      [✓] Mentve: 3x MD + Meta/NLP JSON (Cím: Serena Williams óta nem akadt ilyen teljesítm)
[ 30/1187] Letöltés (ID 1050 | Portfolio   ): https://www.portfolio.hu/gazdasag/20260908/bezar-a-gyori-autoipar...
      [✓] Mentve: 3x MD + Meta/NLP JSON (Cím: Bezár a győri autóipari gyár, rengeteg ember )
[ 31/1187] Letöltés (ID  976 | Portfolio   ): https://www.portfolio.hu/global/20260907/trump-elszabadult-egy-ra...
      [✓] Mentve: 3x MD + Meta/NLP JSON (Cím: Trump elszabadult: egy rakás szomszédos orszá)
[ 32/1187] Letöltés (ID 1255 | Vadhajtasok ): https://www.vadhajtasok.hu/2026/09/08/foldi-laszlo-hazaarulo-korm...
      [✓] Mentve: 3x MD + Meta/NLP JSON (Cím: Földi László: Hazaáruló kormányunk van)
[ 33/1187] Letöltés (ID  561 | 24.hu       ): https://24.hu/belfold/2026/09/08/tiz-orosz-diplomatat-kiutasit-ma...
      [✓] Mentve: 3x MD + Meta/NLP JSON (Cím: Orbán Anita: Tíz orosz diplomatát kiutasít Ma)
[ 34/1187] Letöltés (ID  307 | Nepszava    ): https://nepszava.hu/3331843_tisza-unger-anna-toresproba-podcast...
      [✓] Mentve: 3x MD + Meta/NLP JSON (Cím: A Tisza első igazi töréspróbája Unger Anna ki)
[ 35/1187] Letöltés (ID  193 | Origo       ): https://www.origo.hu/kulpol/2026/09/trump-putyin-ukrajna-haboru-z...
      [✓] Mentve: 3x MD + Meta/NLP JSON (Cím: Trump felhívta Putyint, a téma természetesen )
[ 36/1187] Letöltés (ID  874 | Blikk       ): https://www.blikk.hu/ferfiaknak/tech/italok-depresszio-szorongas-...
      [✓] Mentve: 3x MD + Meta/NLP JSON (Cím: Több italnak köze lehet a depresszióhoz és a )
[ 37/1187] Letöltés (ID 1074 | Portfolio   ): https://www.portfolio.hu/global/20260908/kezdodik-fegyveresek-lep...
      [✓] Mentve: 3x MD + Meta/NLP JSON (Cím: Kezdődik: fegyveresek lepték el az utcákat Ir)
[ 38/1187] Letöltés (ID  592 | 24.hu       ): https://ng.24.hu/termeszet/2026/09/08/ivarvaltas-magyarorszagi-er...
      [✓] Mentve: 3x MD + Meta/NLP JSON (Cím: Ivarváltás fenyegetheti a magyarországi békák)
[ 39/1187] Letöltés (ID  235 | Origo       ): https://www.origo.hu/sport/sport-futball/2026/09/varga-barnabas-a...
      [✓] Mentve: 3x MD + Meta/NLP JSON (Cím: Varga Barnabás és Vitális is Milán is végig a)
[ 40/1187] Letöltés (ID  337 | Nepszava    ): https://nepszava.hu/3332345_a-csendben-szenvedokon-akar-segiteni-...
      [✓] Mentve: 3x MD + Meta/NLP JSON (Cím: A csendben szenvedőkön akar segíteni a brit, )
[ 41/1187] Letöltés (ID 1240 | Vadhajtasok ): https://www.vadhajtasok.hu/2026/09/08/rovar-ur-nem-birja-a-kritik...
      [✓] Mentve: 3x MD + Meta/NLP JSON (Cím: Rovar úr nem bírja a kritikát, ismét kiakadt )
[ 42/1187] Letöltés (ID  873 | Blikk       ): https://www.blikk.hu/ferfiaknak/tech/whatsapp-hivas-regisztracio-...
      [✓] Mentve: 3x MD + Meta/NLP JSON (Cím: Átalakul a WhatsApp: regisztráció nélküli hív)
[ 43/1187] Letöltés (ID  678 | Blikk       ): https://www.blikk.hu/sztarvilag/nemzetkozi-sztarok/pamela-anderso...
      [✓] Mentve: 3x MD + Meta/NLP JSON (Cím: Pamela Anderson szívszorító vallomása: közölt)
[ 44/1187] Letöltés (ID   18 | Origo       ): https://www.origo.hu/auto/2026/09/bugatti-nyers-es-piszkos-lesz-a...
      [✓] Mentve: 3x MD + Meta/NLP JSON (Cím: Nyers és piszkos lesz a következő Bugatti han)
[ 45/1187] Letöltés (ID  326 | Nepszava    ): https://nepszava.hu/3332401_paks-2-roszatom-csuszas-tisza-kormany...
      [✓] Mentve: 3x MD + Meta/NLP JSON (Cím: A Roszatom a Paks 2 beruházásánál legalább ké)
[ 46/1187] Letöltés (ID 1190 | Vadhajtasok ): https://www.vadhajtasok.hu/2026/09/08/az-oroszok-ujrainditottak-a...
      [✓] Mentve: 3x MD + Meta/NLP JSON (Cím: Az oroszok újraindították a Kijev elleni csap)
[ 47/1187] Letöltés (ID  588 | 24.hu       ): https://24.hu/belfold/2026/09/08/szuletesnapjan-fogtak-el-egy-eve...
      [✓] Mentve: 3x MD + Meta/NLP JSON (Cím: Szerb zsarukkal „ünnepelte” születésnapját eg)
[ 48/1187] Letöltés (ID 1167 | Portfolio   ): https://www.portfolio.hu/gazdasag/20260908/ketyego-okologiai-bomb...
      [✓] Mentve: 3x MD + Meta/NLP JSON (Cím: Ketyegő ökológiai bomba vagy óriási üzlet? – )
[ 49/1187] Letöltés (ID  404 | Nepszava    ): https://nepszava.hu/3332447_ferencvaros-ultrak-valasz...
      [✓] Mentve: 3x MD + Meta/NLP JSON (Cím: Kedves FTC, a fenyegetés az fenyegetés)
[ 50/1187] Letöltés (ID 1161 | Portfolio   ): https://www.portfolio.hu/global/20260908/politikai-foldindulas-to...
      [✓] Mentve: 3x MD + Meta/NLP JSON (Cím: Politikai földindulás történt egy német tarto)
[ 51/1187] Letöltés (ID  449 | 24.hu       ): https://24.hu/belfold/2026/09/07/matolcsy-kozpenz-jelleg-elveszte...
      [✓] Mentve: 3x MD + Meta/NLP JSON (Cím: Ki is mondta először, hogy „elveszítette közp)
[ 52/1187] Letöltés (ID 1219 | Vadhajtasok ): https://www.vadhajtasok.hu/2026/08/30/hagyomanyteremto-megemlekez...
      [✓] Mentve: 3x MD + Meta/NLP JSON (Cím: Hagyományteremtő megemlékezés Erdély visszaté)
[ 53/1187] Letöltés (ID  871 | Blikk       ): https://www.blikk.hu/sztarvilag/hazai-sztarok/dobo-agi-costa-rica...
      [✓] Mentve: 3x MD + Meta/NLP JSON (Cím: Ilyen gyönyörű helyen él Dobó Ági és családja)
[ 54/1187] Letöltés (ID   65 | Origo       ): https://www.origo.hu/sport/sport-futball/2026/09/paulo-vinicius-b...
      [✓] Mentve: 3x MD + Meta/NLP JSON (Cím: Paulo Vinícius eszméletlenül esett össze Buda)
[ 55/1187] Letöltés (ID 1120 | Portfolio   ): https://www.portfolio.hu/uzlet/20260909/mire-szamithatunk-ma-a-to...
      [✓] Mentve: 3x MD + Meta/NLP JSON (Cím: 100 dollár felett az olajár, lefordulás a tőz)
[ 56/1187] Letöltés (ID  551 | 24.hu       ): https://www.vezess.hu/hirek/2026/09/08/az-izraeli-hadiipar-menthe...
      [✓] Mentve: 3x MD + Meta/NLP JSON (Cím: Az izraeli hadiipar mentheti meg a Volkswagen)
[ 57/1187] Letöltés (ID  270 | Nepszava    ): https://nepszava.hu/3332440_inflacio-aremelkedes-elelmiszararak-k...
      [✓] Mentve: 3x MD + Meta/NLP JSON (Cím: Újabb meglepetés az inflációban, újabb meglep)
[ 58/1187] Letöltés (ID  842 | Blikk       ): https://www.blikk.hu/sztarvilag/hazai-sztarok/lovas-rozi-eszenyi-...
      [✓] Mentve: 3x MD + Meta/NLP JSON (Cím: Lovas Rozi az Eszenyi Enikő körüli botrányról)
[ 59/1187] Letöltés (ID  255 | Origo       ): https://www.origo.hu/kek-hirek/2026/09/kiskunhalas-baleset-reszle...
      [✓] Mentve: 3x MD + Meta/NLP JSON (Cím: Tragédia Kiskunhalasnál: egész életében imádo)
[ 60/1187] Letöltés (ID 1257 | Vadhajtasok ): https://www.vadhajtasok.hu/2026/09/08/fidesz-csak-tereles-a-tiz-o...
      [✓] Mentve: 3x MD + Meta/NLP JSON (Cím: Fidesz: Csak terelés a tíz orosz diplomata ki)
[ 61/1187] Letöltés (ID  693 | Blikk       ): https://www.blikk.hu/gazdasag/penz/uzemanyagar-dizel-benzin-kapit...
      [✓] Mentve: 3x MD + Meta/NLP JSON (Cím: Kapitány István az elszálló üzemanyagárakról:)
[ 62/1187] Letöltés (ID   74 | Origo       ): https://www.origo.hu/eletmod/2026/09/szardinia-kutato-etrend-kise...
      [✓] Mentve: 3x MD + Meta/NLP JSON (Cím: Szardínia minden nap egy hónapon át – meglepő)
[ 63/1187] Letöltés (ID  366 | Nepszava    ): https://nepszava.hu/3332467_szetveres-kiallitas-hajlektalan-nok...
      [✓] Mentve: 3x MD + Meta/NLP JSON (Cím: Másodszor is szétverték, idő előtt bezár a Ha)
[ 64/1187] Letöltés (ID 1193 | Vadhajtasok ): https://www.vadhajtasok.hu/2026/09/07/toroczkai-magyarnak-kerjel-...
      [✓] Mentve: 3x MD + Meta/NLP JSON (Cím: Toroczkai Magyarnak: Kérjél bocsánatot azonna)
[ 65/1187] Letöltés (ID  507 | 24.hu       ): https://24.hu/sport/forma-1/2026/09/07/kimi-antonelli-olasz-nagyd...
      [✓] Mentve: 3x MD + Meta/NLP JSON (Cím: Mi állíthatja meg Kimi Antonellit, ha még az )
[ 66/1187] Letöltés (ID 1028 | Portfolio   ): https://www.penzcentrum.hu/hellovidek/20260908/magyar-peter-bejel...
      [✓] Mentve: 3x MD + Meta/NLP JSON (Cím: Magyar Péter bejelentése: óriási vidékfejlesz)
[ 67/1187] Letöltés (ID  755 | Blikk       ): https://www.glamour.hu/eletmod/napraforgomag-jotekony-hatasok/rt3...
      [✓] Mentve: 3x MD + Meta/NLP JSON (Cím: A legolcsóbb vitamin? 6 meglepő ok, amiért na)
[ 68/1187] Letöltés (ID 1171 | Portfolio   ): https://www.portfolio.hu/gazdasag/20260908/a-halozat-rugalmassaga...
      [✓] Mentve: 3x MD + Meta/NLP JSON (Cím: A hálózat rugalmassága lesz a következő nagy )
[ 69/1187] Letöltés (ID 1200 | Vadhajtasok ): https://www.vadhajtasok.hu/2026/09/07/nem-indit-eljarast-a-rendor...
      [✓] Mentve: 3x MD + Meta/NLP JSON (Cím: Nem indít eljárást a rendőrség Szijjártó Péte)
[ 70/1187] Letöltés (ID  359 | Nepszava    ): https://nepszava.hu/3332256_soroksari-ut-halalos-baleset-frontali...
      [✓] Mentve: 3x MD + Meta/NLP JSON (Cím: Őrizetbe vették a Soroksári úti halálos bales)
[ 71/1187] Letöltés (ID  566 | 24.hu       ): https://24.hu/fn/gazdasag/2026/09/08/gyor-wkw-gyar-bezar-500-embe...
      [✓] Mentve: 3x MD + Meta/NLP JSON (Cím: Bezár a győri autóipari gyár, 500 ember kerül)
[ 72/1187] Letöltés (ID  102 | Origo       ): https://www.origo.hu/sport/sport-futball/2026/09/szoboszlai-domin...
      [✓] Mentve: 3x MD + Meta/NLP JSON (Cím: Szoboszlai Dominiktól többet várnak Liverpool)
[ 73/1187] Letöltés (ID   52 | Origo       ): https://www.origo.hu/kulpol/2026/09/titkos-atomprogram-sziria-asz...
      [✓] Mentve: 3x MD + Meta/NLP JSON (Cím: Keleten: megszólalt a Nemzetközi Atomenergia)
[ 74/1187] Letöltés (ID  331 | Nepszava    ): https://nepszava.hu/3332388_ipar-gazdasag-gdp-fellendules-ksh...
      [✓] Mentve: 3x MD + Meta/NLP JSON (Cím: Meglepetést okozott a magyar ipar, de egyelőr)
[ 75/1187] Letöltés (ID  831 | Blikk       ): https://blikkruzs.blikk.hu/sztarhirek/pamela-anderson-betegsege-v...
      [✓] Mentve: 3x MD + Meta/NLP JSON (Cím: Pamela Anderson megrázó vallomást tett a bete)
[ 76/1187] Letöltés (ID 1232 | Vadhajtasok ): https://www.vadhajtasok.hu/2026/09/08/rekordhianyt-hozott-ossze-a...
      [✓] Mentve: 3x MD + Meta/NLP JSON (Cím: Rekordhiányt hozott össze a kormány augusztus)
[ 77/1187] Letöltés (ID  902 | Portfolio   ): https://www.portfolio.hu/gazdasag/20260908/itt-vannak-a-2027-es-e...
      [✓] Mentve: 3x MD + Meta/NLP JSON (Cím: Itt vannak a 2027-es e-matricák árai)
[ 78/1187] Letöltés (ID  607 | 24.hu       ): https://24.hu/belfold/2026/09/09/magyar-peter-tisza-part-nepszeru...
      [✓] Mentve: 3x MD + Meta/NLP JSON (Cím: Friss mérés: apad Magyar Péterék népszerűsége)
[ 79/1187] Letöltés (ID  995 | Portfolio   ): https://www.portfolio.hu/bank/20260907/odacsapott-meg-ket-nagyot-...
      [✓] Mentve: 3x MD + Meta/NLP JSON (Cím: Odacsapott még két nagyot a távozó Orbán-korm)
[ 80/1187] Letöltés (ID  327 | Nepszava    ): https://nepszava.hu/3332396_ferencvaros-fociultrak-kubatov-gabor-...
      [✓] Mentve: 3x MD + Meta/NLP JSON (Cím: Feljelentették a halállal, agyonveréssel feny)
[ 81/1187] Letöltés (ID  113 | Origo       ): https://www.origo.hu/utazas-nagyhasab/2026/08/torolt-jarat-vissza...
      [✓] Mentve: 3x MD + Meta/NLP JSON (Cím: Ilyen jogokkal élhetsz törölt járat esetén a )
[ 82/1187] Letöltés (ID  893 | Blikk       ): https://www.kiskegyed.hu/most-tortenik/hajnal-magyar-peter-rendki...
      [✓] Mentve: 3x MD + Meta/NLP JSON (Cím: Hajnalban Magyar Péter rendkívüli közlést tet)
[ 83/1187] Letöltés (ID  492 | 24.hu       ): https://24.hu/elet-stilus/2026/09/07/thuroczy-szabolcs-fradi-kuba...
      [✓] Mentve: 3x MD + Meta/NLP JSON (Cím: Thuróczy Szabolcs a Fradiról: Egy vágyam van )
[ 84/1187] Letöltés (ID 1202 | Vadhajtasok ): https://www.vadhajtasok.hu/2026/09/07/vlagyimir-putyin-elutasitot...
      [✓] Mentve: 3x MD + Meta/NLP JSON (Cím: Vlagyimir Putyin elutasította a frissített bé)
[ 85/1187] Letöltés (ID  600 | 24.hu       ): https://marieclaire.hu/sztarok/2026/09/08/farkashazi-reka-korhaz...
      [✓] Mentve: 3x MD + Meta/NLP JSON (Cím: Megrázó sorokat és kórházi fotót tett közzé F)
[ 86/1187] Letöltés (ID  876 | Blikk       ): https://www.kiskegyed.hu/most-tortenik/idojaras-hullamot-vet-hide...
      [✓] Mentve: 3x MD + Meta/NLP JSON (Cím: Időjárás. Hullámot vet a hidegfront. Zárjunk )
[ 87/1187] Letöltés (ID  309 | Nepszava    ): https://nepszava.hu/3332404_ferencvaros-ujpest-molino-botrany-mls...
      [✓] Mentve: 3x MD + Meta/NLP JSON (Cím: Reagált a Ferencváros a molinóbotrányra)
[ 88/1187] Letöltés (ID 1247 | Vadhajtasok ): https://www.vadhajtasok.hu/2026/09/09/rovar-ur-felebredt-es-nekim...
      [✓] Mentve: 3x MD + Meta/NLP JSON (Cím: Rovar úr felébredt és nekiment egy Facebook-p)
[ 89/1187] Letöltés (ID 1045 | Portfolio   ): https://www.portfolio.hu/gazdasag/20260908/hatosagi-ellenorzes-in...
      [✓] Mentve: 3x MD + Meta/NLP JSON (Cím: Hatósági ellenőrzés indul a Gondosóra program)
[ 90/1187] Letöltés (ID   85 | Origo       ): https://www.origo.hu/kulpol/2026/09/nemetorszag-dronok-orosz-szab...
      [✓] Mentve: 3x MD + Meta/NLP JSON (Cím: Németország új védőpajzsot épít a drónok és a)
[ 91/1187] Letöltés (ID  188 | Origo       ): https://www.origo.hu/techbazis/2026/09/gozzel-takarito-robotporsz...
      [✓] Mentve: 3x MD + Meta/NLP JSON (Cím: Már gőzzel is takarít az új robotporszívó: ez)
[ 92/1187] Letöltés (ID 1121 | Portfolio   ): https://www.portfolio.hu/ingatlan/20260909/hatalmas-fejlesztes-ke...
      [✓] Mentve: 3x MD + Meta/NLP JSON (Cím: Hatalmas fejlesztés kezdődik az egyik magyar )
[ 93/1187] Letöltés (ID  576 | 24.hu       ): https://24.hu/kultura/2026/09/08/susan-sarandon-palesztina-tamoga...
      [✓] Mentve: 3x MD + Meta/NLP JSON (Cím: Susan Sarandon: Az Izraelt bíráló színészek n)
[ 94/1187] Letöltés (ID 1260 | Vadhajtasok ): https://www.vadhajtasok.hu/2026/09/08/lemondott-az-oktatasi-hivat...
      [✓] Mentve: 3x MD + Meta/NLP JSON (Cím: Lemondott az Oktatási Hivatal elnöke)
[ 95/1187] Letöltés (ID  376 | Nepszava    ): https://nepszava.hu/3332383_sopron-legszennyezettsege-a-legalacso...
      [✓] Mentve: 3x MD + Meta/NLP JSON (Cím: Sopron légszennyezettsége a legalacsonyabb Ma)
[ 96/1187] Letöltés (ID  667 | Blikk       ): https://www.blikk.hu/aktualis/krimi/jotekonysagi-arveres-gyilkoss...
      [✓] Mentve: 3x MD + Meta/NLP JSON (Cím: Jótékonysági árveréshez kér dedikált pólót Jo)
[ 97/1187] Letöltés (ID 1222 | Vadhajtasok ): https://www.vadhajtasok.hu/2026/09/06/europa-ebred-brutalisat-nye...
      [✓] Mentve: 3x MD + Meta/NLP JSON (Cím: Európa ébred! Brutálisat nyert az AfD)
[ 98/1187] Letöltés (ID  192 | Origo       ): https://www.origo.hu/belpol/2026/09/boka-janos-tisza-igeretek-fac...
      [✓] Mentve: 3x MD + Meta/NLP JSON (Cím: ígéretről derül ki, hogy hazugság volt?)
[ 99/1187] Letöltés (ID  431 | 24.hu       ): https://24.hu/belfold/2026/09/07/szentendre-baleset-eltunt-ferfi-...
      [✓] Mentve: 3x MD + Meta/NLP JSON (Cím: Fának csapódott, majd eltűnt egy férfi Szente)
[100/1187] Letöltés (ID  717 | Blikk       ): https://www.blikk.hu/politika/magyar-politika/navracsics-tibor-or...
      [✓] Mentve: 3x MD + Meta/NLP JSON (Cím: „Gondolkoztam a Fidesz elhagyásán” – Navracsi)
[101/1187] Letöltés (ID 1152 | Portfolio   ): https://www.portfolio.hu/global/20260908/megkongattak-a-veszharan...
      [✓] Mentve: 3x MD + Meta/NLP JSON (Cím: Megkongatták a vészharangot: 150 dollárra is )
[102/1187] Letöltés (ID  289 | Nepszava    ): https://nepszava.hu/3332429_ecopro-katogyar-kozmeghallgatas-botra...
      [✓] Mentve: 3x MD + Meta/NLP JSON (Cím: Kivezettetéssel fenyegették a lakosokat a deb)
[103/1187] Letöltés (ID  627 | 24.hu       ): https://24.hu/kultura/2026/09/09/magyar-furdok-kviz...
      [✓] Mentve: 3x MD + Meta/NLP JSON (Cím: 8 híres magyar fürdő – felismered mindet képr)
[104/1187] Letöltés (ID  781 | Blikk       ): https://www.blikk.hu/sztarvilag/hazai-sztarok/miller-zoltan-madac...
      [✓] Mentve: 3x MD + Meta/NLP JSON (Cím: Miller Zoltán azonnali hatállyal felmondott a)
[105/1187] Letöltés (ID 1236 | Vadhajtasok ): https://www.vadhajtasok.hu/2026/09/08/navracsics-tibor-szerint-a-...
      [✓] Mentve: 3x MD + Meta/NLP JSON (Cím: Navracsics Tibor szerint a Polgári Demokraták)
[106/1187] Letöltés (ID 1108 | Portfolio   ): https://www.portfolio.hu/global/20260909/hol-itt-a-beke-konyortel...
      [✓] Mentve: 3x MD + Meta/NLP JSON (Cím: Hol itt a béke? Könyörtelenül egymásnak esett)
[107/1187] Letöltés (ID   39 | Origo       ): https://www.origo.hu/sport/sport-futball/2026/09/bajnokok-ligaja-...
      [✓] Mentve: 3x MD + Meta/NLP JSON (Cím: Bajnokok Ligája: rekordszámú magyarral indul )
[108/1187] Letöltés (ID  378 | Nepszava    ): https://nepszava.hu/3332511_orszaggyules-ejjel-tanacskozas-torven...
      [✓] Mentve: 3x MD + Meta/NLP JSON (Cím: Az Országgyűlés az év végéig felfüggesztheti )
[109/1187] Letöltés (ID  465 | 24.hu       ): https://24.hu/tudomany/2026/09/07/nepal-villamarviz-aradas-halott...
      [✓] Mentve: 3x MD + Meta/NLP JSON (Cím: „Jövőre is fognak még holttesteket találni” –)
[110/1187] Letöltés (ID  177 | Origo       ): https://www.origo.hu/gazdasag/2026/09/inflacio-augusztus-arak-bev...
      [✓] Mentve: 3x MD + Meta/NLP JSON (Cím: Az infláció 1,3 százalék volt augusztusban)
[111/1187] Letöltés (ID  368 | Nepszava    ): https://nepszava.hu/3332458_ferfi-kezilabda-bajnokok-ligaja-veszp...
      [✓] Mentve: 3x MD + Meta/NLP JSON (Cím: A Veszprém a csúcsra hajt, a Szeged történelm)
[112/1187] Letöltés (ID  824 | Blikk       ): https://www.egeszsegkalauz.hu/tunet/aneurizma-noknel-gyakoribb-ve...
      [✓] Mentve: 3x MD + Meta/NLP JSON (Cím: Nőknél gyakoribb ez a veszélyes agyi elváltoz)
[113/1187] Letöltés (ID  981 | Portfolio   ): https://www.portfolio.hu/podcast/20260904/mi-lesz-ha-az-mnb-tenyl...
      [✓] Mentve: 3x MD + Meta/NLP JSON (Cím: Mi lesz, ha az MNB tényleg befejezi a kamatcs)
[114/1187] Letöltés (ID 1234 | Vadhajtasok ): https://www.vadhajtasok.hu/2026/09/08/bezar-a-gyori-autoipari-gya...
      [✓] Mentve: 3x MD + Meta/NLP JSON (Cím: Bezár a győri autóipari gyár, 500 ember kerül)
[115/1187] Letöltés (ID  935 | Portfolio   ): https://www.portfolio.hu/global/20260908/varatlan-fordulat-lemond...
      [✓] Mentve: 3x MD + Meta/NLP JSON (Cím: Váratlan fordulat: lemondott a legfőbb ügyész)
[116/1187] Letöltés (ID  149 | Origo       ): https://www.origo.hu/teve/2026/09/pink-szuletesnap-47-eves-galeri...
      [✓] Mentve: 3x MD + Meta/NLP JSON (Cím: 47 éves lett Pink, aki nemcsak a színpadot, a)
[117/1187] Letöltés (ID 1199 | Vadhajtasok ): https://www.vadhajtasok.hu/2026/09/07/kigyulladt-a-baromfi-feldol...
      [✓] Mentve: 3x MD + Meta/NLP JSON (Cím: Kigyulladt a baromfi-feldolgozó Sárváron, 293)
[118/1187] Letöltés (ID  502 | 24.hu       ): https://24.hu/sport/forma-1/2026/09/08/isack-hadjr-serules-spanyo...
      [✓] Mentve: 3x MD + Meta/NLP JSON (Cím: Továbbra sem tud visszatérni a francia versen)
[119/1187] Letöltés (ID  705 | Blikk       ): https://www.blikk.hu/sztarvilag/hazai-sztarok/toth-ildiko-luxus-i...
      [✓] Mentve: 3x MD + Meta/NLP JSON (Cím: Tóth Ildikó: "Kétmillió forintnál többet nem )
[120/1187] Letöltés (ID  276 | Nepszava    ): https://nepszava.hu/3332422_egeszsegugy-tisza-kormany-hegedus-zso...
      [✓] Mentve: 3x MD + Meta/NLP JSON (Cím: „Hol van az ígért pluszpénz?” – Még nem látsz)
[121/1187] Letöltés (ID  353 | Nepszava    ): https://nepszava.hu/3332312_lengyelek-turistabusz-teherauto-bales...
      [✓] Mentve: 3x MD + Meta/NLP JSON (Cím: Elgázolt juh miatt állt félre egy lengyel tur)
[122/1187] Letöltés (ID  719 | Blikk       ): https://www.blikk.hu/sztarvilag/filmklikk/emmy-dij-magyar-toth-gy...
      [✓] Mentve: 3x MD + Meta/NLP JSON (Cím: díjat kapott Tóth Gyula kaszkadőr A Hét királ)
[123/1187] Letöltés (ID  443 | 24.hu       ): https://24.hu/belfold/2026/09/07/miniszteri-vegkielegites-orban-h...
      [✓] Mentve: 3x MD + Meta/NLP JSON (Cím: Hallgat a kormány a kárpátaljai gyermekotthon)
[124/1187] Letöltés (ID  198 | Origo       ): https://www.origo.hu/itthon/2026/09/fertozo-betegseg-jarvanyugyi-...
      [✓] Mentve: 3x MD + Meta/NLP JSON (Cím: Riasztó járványügyi adatok: súlyos fertőző be)
[125/1187] Letöltés (ID 1206 | Vadhajtasok ): https://www.vadhajtasok.hu/2026/09/07/feljelentettek-a-fradi-ultr...
      [✓] Mentve: 3x MD + Meta/NLP JSON (Cím: Feljelentették a Fradi-ultrákat, a BRFK egyel)
[126/1187] Letöltés (ID  922 | Portfolio   ): https://www.portfolio.hu/befektetes/20260904/most-100-150-ezer-fo...
      [✓] Mentve: 3x MD + Meta/NLP JSON (Cím: Most 100-150 ezer forintot ad ingyen az állam)
[127/1187] Letöltés (ID 1013 | Portfolio   ): https://www.portfolio.hu/ingatlan/20260907/csokken-a-kereslet-a-b...
      [✓] Mentve: 3x MD + Meta/NLP JSON (Cím: Csökken a kereslet a budapesti lakáspiacon, e)
[128/1187] Letöltés (ID  691 | Blikk       ): https://www.blikk.hu/gazdasag/vasarlas/autopalya-matrica-2027-ara...
      [✓] Mentve: 3x MD + Meta/NLP JSON (Cím: Kiderültek a 2027-es autópálya-matricák árai:)
[129/1187] Letöltés (ID  222 | Origo       ): https://www.origo.hu/itthon/2026/09/idojaras-szeptember-9...
      [✓] Mentve: 3x MD + Meta/NLP JSON (Cím: Időjárás: szerdán tetőzik a hőség, kettészaka)
[130/1187] Letöltés (ID  324 | Nepszava    ): https://nepszava.hu/3332387_ai-modellek-politikai-velemenyek-grok...
      [✓] Mentve: 3x MD + Meta/NLP JSON (Cím: Balra húznak az AI-modellek: a Zöldek nyernék)
[131/1187] Letöltés (ID  429 | 24.hu       ): https://24.hu/fn/gazdasag/2026/09/07/duna-paks-fenekkuszob-osztra...
      [✓] Mentve: 3x MD + Meta/NLP JSON (Cím: Paksi fenékküszöb: megszólalt az osztrák korm)
[132/1187] Letöltés (ID 1235 | Vadhajtasok ): https://www.vadhajtasok.hu/2026/09/08/kemeny-es-fajdalmas-valaszt...
      [✓] Mentve: 3x MD + Meta/NLP JSON (Cím: „Kemény és fájdalmas választ fog kapni a buda)
[133/1187] Letöltés (ID  886 | Blikk       ): https://www.glamour.hu/glamour-horoszkop/napi-horoszkop-szeptembe...
      [✓] Mentve: 3x MD + Meta/NLP JSON (Cím: Napi horoszkóp: A Kosra rátalálhat a szerelem)
[134/1187] Letöltés (ID 1226 | Vadhajtasok ): https://www.vadhajtasok.hu/2026/09/02/abszolut-balf-at-szsag-a-du...
      [✓] Mentve: 3x MD + Meta/NLP JSON (Cím: Abszolút balf@szság: a Duna kikezdte Magyar P)
[135/1187] Letöltés (ID  400 | Nepszava    ): https://nepszava.hu/3332502_mav-vonat-vasut-kisiklas...
      [✓] Mentve: 3x MD + Meta/NLP JSON (Cím: Kisiklott és fának ütközött egy vonat Szalatn)
[136/1187] Letöltés (ID 1061 | Portfolio   ): https://www.portfolio.hu/gazdasag/20260908/karman-andras-rovid-ta...
      [✓] Mentve: 3x MD + Meta/NLP JSON (Cím: Kármán András: "Rövid távon sem elfogadható a)
[137/1187] Letöltés (ID  229 | Origo       ): https://www.origo.hu/nagyvilag/2026/09/stroke-betegseg-no...
      [✓] Mentve: 3x MD + Meta/NLP JSON (Cím: ot kapott, utána öt évesnek hitte magát)
[138/1187] Letöltés (ID  615 | 24.hu       ): https://24.hu/belfold/2026/09/08/orban-viktor-facebook-poszt...
      [✓] Mentve: 3x MD + Meta/NLP JSON (Cím: Előkerült Orbán Viktor és közölte, hogy ez ne)
[139/1187] Letöltés (ID  598 | 24.hu       ): https://www.vezess.hu/hirek/2026/09/08/horse-powertrains-b20-moto...
      [✓] Mentve: 3x MD + Meta/NLP JSON (Cím: Víz alatt is működik ez a benzinmotor)
[140/1187] Letöltés (ID   69 | Origo       ): https://www.origo.hu/tudomany/2026/09/jegeso-idojaras-lengyelorsz...
      [✓] Mentve: 3x MD + Meta/NLP JSON (Cím: Jégeső Európában: nagy változás jöhet)
[141/1187] Letöltés (ID 1258 | Vadhajtasok ): https://www.vadhajtasok.hu/2026/09/08/egy-centimeter-a-duna-vizal...
      [✓] Mentve: 3x MD + Meta/NLP JSON (Cím: Történelmi mélypont: egy centiméter a Duna ví)
[142/1187] Letöltés (ID  374 | Nepszava    ): https://nepszava.hu/3332449_lopott-festmeny-pierre-august-renoir-...
      [✓] Mentve: 3x MD + Meta/NLP JSON (Cím: Négy műalkotást loptak el a franciaországi Re)
[143/1187] Letöltés (ID 1014 | Portfolio   ): https://www.portfolio.hu/ingatlan/20260907/a-kozelseg-az-uj-luxus...
      [✓] Mentve: 3x MD + Meta/NLP JSON (Cím: A közelség az új luxus)
[144/1187] Letöltés (ID  868 | Blikk       ): https://www.blikk.hu/sztarvilag/filmklikk/dolly-parton-country-ke...
      [✓] Mentve: 3x MD + Meta/NLP JSON (Cím: Titkok, tetkók és egyetlen férfi: az énekes k)
[145/1187] Letöltés (ID 1077 | Portfolio   ): https://www.portfolio.hu/uzlet/20260908/figyelmeztetnek-a-nagyban...
      [✓] Mentve: 3x MD + Meta/NLP JSON (Cím: Figyelmeztetnek a nagybankok elemzői: olyan h)
[146/1187] Letöltés (ID 1254 | Vadhajtasok ): https://www.vadhajtasok.hu/2026/09/08/orban-viktor-ez-nem-a-magya...
      [✓] Mentve: 3x MD + Meta/NLP JSON (Cím: Orbán Viktor: Ez nem a magyarok napja volt)
[147/1187] Letöltés (ID  214 | Origo       ): https://www.origo.hu/sport/f1/2026/09/ferrari-hamilton-fred-vasse...
      [✓] Mentve: 3x MD + Meta/NLP JSON (Cím: Hamilton már a Ferrari csapatfőnökét is elkez)
[148/1187] Letöltés (ID  623 | 24.hu       ): https://24.hu/belfold/2026/09/08/kreon-pangrol-hianycikk-kulfoldr...
      [✓] Mentve: 3x MD + Meta/NLP JSON (Cím: Külföldről hozzák be a gyógyszert, ami hónapo)
[149/1187] Letöltés (ID  341 | Nepszava    ): https://nepszava.hu/3332347_ozora-fesztival-eltunt-fiatal-holttes...
      [✓] Mentve: 3x MD + Meta/NLP JSON (Cím: Megtalálták az Ozorán eltűnt fiatal holttesté)
[150/1187] Letöltés (ID  729 | Blikk       ): https://www.blikk.hu/auto/tuv-legjobb-japan-crossover/qgbgmbd...
      [✓] Mentve: 3x MD + Meta/NLP JSON (Cím: A TÜV szerint ez az autó az egyik legjobb vét)
[151/1187] Letöltés (ID  604 | 24.hu       ): https://24.hu/belfold/2026/09/09/leslie-mandoki-magyar-peter-orba...
      [✓] Mentve: 3x MD + Meta/NLP JSON (Cím: Fordulat: Leslie Mandoki rég nem értett egyet)
[152/1187] Letöltés (ID  756 | Blikk       ): https://www.glamour.hu/glamour-horoszkop/napi-horoszkop-szeptembe...
      [✓] Mentve: 3x MD + Meta/NLP JSON (Cím: Napi horoszkóp: A Nyilas elutazhat a párjával)
[153/1187] Letöltés (ID 1095 | Portfolio   ): https://www.agrarszektor.hu/noveny/20260908/fajo-atalakulas-jon-a...
      [✓] Mentve: 3x MD + Meta/NLP JSON (Cím: Fájó átalakulás jön a hazai borpiacon: ez sok)
[154/1187] Letöltés (ID 1204 | Vadhajtasok ): https://www.vadhajtasok.hu/2026/09/07/donald-tusk-idiotanak-es-ar...
      [✓] Mentve: 3x MD + Meta/NLP JSON (Cím: Donald Tusk idiótának és árulónak nevezte azo)
[155/1187] Letöltés (ID  392 | Nepszava    ): https://nepszava.hu/3332500_europa-jovoje-kozvelemeny-kutatas-tan...
      [✓] Mentve: 3x MD + Meta/NLP JSON (Cím: Az Európa jövőjébe vetett bizalom válságára m)
[156/1187] Letöltés (ID  263 | Origo       ): https://www.origo.hu/sport/sport-futball/2026/09/varga-barnabas-v...
      [✓] Mentve: 3x MD + Meta/NLP JSON (Cím: Varga Barnabás és Vitális Milán is kezd az AE)
[157/1187] Letöltés (ID  430 | 24.hu       ): https://24.hu/fn/gazdasag/2026/09/08/fovaros-kozgyules-karacsony-...
      [✓] Mentve: 3x MD + Meta/NLP JSON (Cím: Karácsonyék sakkoznak a kifizetendő számlák á)
[158/1187] Letöltés (ID  152 | Origo       ): https://www.origo.hu/sport/sport-futball/2026/09/liverpool-uj-szp...
      [✓] Mentve: 3x MD + Meta/NLP JSON (Cím: Liverpool: a Turkish Airlines lesz az új szpo)
[159/1187] Letöltés (ID 1085 | Portfolio   ): https://www.portfolio.hu/global/20260908/hatalmas-penzesot-zudit-...
      [✓] Mentve: 3x MD + Meta/NLP JSON (Cím: Hatalmas pénzesőt zúdít az Egyesült Államok a)
[160/1187] Letöltés (ID  398 | Nepszava    ): https://nepszava.hu/3332495_aranylabda-2026-top-30-jatekos...
      [✓] Mentve: 3x MD + Meta/NLP JSON (Cím: Megnevezték azt a harminc játékost, akik közü)
[161/1187] Letöltés (ID  764 | Blikk       ): https://www.kiskegyed.hu/extra-ajanlo/parkapcsolat-intimfertozes-...
      [✓] Mentve: 3x MD + Meta/NLP JSON (Cím: Azt hitte, már nem kell a férjének, pedig csa)
[162/1187] Letöltés (ID 1203 | Vadhajtasok ): https://www.vadhajtasok.hu/2026/09/07/haborognak-az-ukranok-az-en...
      [✓] Mentve: 3x MD + Meta/NLP JSON (Cím: Háborognak az ukránok az ENSZ átrajzolt határ)
[163/1187] Letöltés (ID  236 | Origo       ): https://www.origo.hu/itthon/2026/09/inflacio-ezeknek-a-szolgaltat...
      [✓] Mentve: 3x MD + Meta/NLP JSON (Cím: Most nem az élelmiszereket érintette leginkáb)
[164/1187] Letöltés (ID  830 | Blikk       ): https://blikkruzs.blikk.hu/otthoni-praktikak/tuzifa-tarolas-hazfa...
      [✓] Mentve: 3x MD + Meta/NLP JSON (Cím: Ezért ne rakd közvetlenül a ház falához a tűz)
[165/1187] Letöltés (ID 1244 | Vadhajtasok ): https://www.vadhajtasok.hu/2026/09/08/allitsatok-meg-az-afd-nacik...
      [✓] Mentve: 3x MD + Meta/NLP JSON (Cím: "Állítsátok meg az AfD-nácikat!" - Utcára von)
[166/1187] Letöltés (ID 1130 | Portfolio   ): https://www.portfolio.hu/global/20260909/kijelentette-az-europai-...
      [✓] Mentve: 3x MD + Meta/NLP JSON (Cím: Kijelentette az európai vezető: nincs katonai)
[167/1187] Letöltés (ID  384 | Nepszava    ): https://nepszava.hu/3332464_szinmuveszeti-vidnyanszky-attila-kozm...
      [✓] Mentve: 3x MD + Meta/NLP JSON (Cím: Tűzvédelmi specializáció)
[168/1187] Letöltés (ID  564 | 24.hu       ): https://24.hu/sport/foci/2026/09/08/labdarugo-nb-i-kulfoldre-igaz...
      [✓] Mentve: 3x MD + Meta/NLP JSON (Cím: Mintha kiárusítást tartottak volna: miért iga)
[169/1187] Letöltés (ID  849 | Blikk       ): https://www.blikk.hu/sztarvilag/hazai-sztarok/kollo-babett-milla-...
      [✓] Mentve: 3x MD + Meta/NLP JSON (Cím: Patkányként lepte meg édesanyját Köllő Babett)
[170/1187] Letöltés (ID   62 | Origo       ): https://www.origo.hu/nagyvilag/2026/09/kina-27-ezer-kilometeres-u...
      [✓] Mentve: 3x MD + Meta/NLP JSON (Cím: Kína: 27 ezer kilométeres gigantikus úthálóza)
[171/1187] Letöltés (ID  473 | 24.hu       ): https://24.hu/belfold/2026/09/07/korhazi-fertozesek-adatok-elemze...
      [✓] Mentve: 3x MD + Meta/NLP JSON (Cím: Miért nem lehet rangsort felállítani a kórház)
[172/1187] Letöltés (ID  928 | Portfolio   ): https://www.portfolio.hu/global/20260908/megszolalt-zelenszkij-uj...
      [✓] Mentve: 3x MD + Meta/NLP JSON (Cím: Megszólalt Zelenszkij: újraindulhatnak a béke)
[173/1187] Letöltés (ID  386 | Nepszava    ): https://nepszava.hu/3332394_migracio-hatarzar-valsaghelyzet-napi-...
      [✓] Mentve: 3x MD + Meta/NLP JSON (Cím: Napi 364 millióval Orbán csapdájában)
[174/1187] Letöltés (ID 1239 | Vadhajtasok ): https://www.vadhajtasok.hu/2026/09/08/orban-anita-ismet-nekiment-...
      [✓] Mentve: 3x MD + Meta/NLP JSON (Cím: Orbán Anita ismét nekiment Oroszországnak: "a)
[175/1187] Letöltés (ID  380 | Nepszava    ): https://nepszava.hu/3332510_benjamin-netanjahut-figyelmeztetes-ha...
      [✓] Mentve: 3x MD + Meta/NLP JSON (Cím: Tíz nappal 2023. október 7. előtt személyesen)
[176/1187] Letöltés (ID  453 | 24.hu       ): https://24.hu/tudomany/2026/09/08/szaraz-videkek-kutatas-elsivata...
      [✓] Mentve: 3x MD + Meta/NLP JSON (Cím: 25 magyarországnyi terület sivatagosodhat el )
[177/1187] Letöltés (ID  247 | Origo       ): https://www.origo.hu/nagyvilag/2026/09/menendez-ugy-uj-eselyt-kap...
      [✓] Mentve: 3x MD + Meta/NLP JSON (Cím: ügyben: új esélyt kaptak a szabadulásra a szü)
[178/1187] Letöltés (ID 1188 | Vadhajtasok ): https://www.vadhajtasok.hu/2026/09/08/felborult-egy-auto-az-etele...
      [✓] Mentve: 3x MD + Meta/NLP JSON (Cím: Felborult egy autó az Etele úton, az 1-es vil)
[179/1187] Letöltés (ID 1024 | Portfolio   ): https://www.penzcentrum.hu/hellovidek/20260908/szennyezett-a-csap...
      [✓] Mentve: 3x MD + Meta/NLP JSON (Cím: Szennyezett a csapvíz ezen a vidéki település)
[180/1187] Letöltés (ID  839 | Blikk       ): https://www.blikk.hu/aktualis/kulfold/magyar-ferfi-holttest-auszt...
      [✓] Mentve: 3x MD + Meta/NLP JSON (Cím: Magyar férfi holttestére bukkantak egy szervi)
[181/1187] Letöltés (ID  806 | Blikk       ): https://www.blikk.hu/sztarvilag/hazai-sztarok/depeche-mode-tribut...
      [✓] Mentve: 3x MD + Meta/NLP JSON (Cím: Magyar fejlesztés, nemzetközi siker: a 101 Vo)
[182/1187] Letöltés (ID  920 | Portfolio   ): https://www.portfolio.hu/uzlet/20260908/sulyos-csapas-erte-a-gyog...
      [✓] Mentve: 3x MD + Meta/NLP JSON (Cím: Súlyos csapás érte a gyógyszergyártó óriást: )
[183/1187] Letöltés (ID 1217 | Vadhajtasok ): https://www.vadhajtasok.hu/2026/09/06/gyogyszerre-ihatott-magyar-...
      [✓] Mentve: 3x MD + Meta/NLP JSON (Cím: Gyógyszerre ihatott Magyar Péter ezért nincs )
[184/1187] Letöltés (ID  559 | 24.hu       ): https://www.noklapja.hu/aktualis/2026/09/08/3-csillagjegy-osz-fig...
      [✓] Mentve: 3x MD + Meta/NLP JSON (Cím: 3 csillagjegy, aki ősszel a figyelem középpon)
[185/1187] Letöltés (ID   10 | Origo       ): https://www.origo.hu/tudomany/2026/09/byfield-katona-kar-eltemett...
      [✓] Mentve: 3x MD + Meta/NLP JSON (Cím: Byfield saját kezűleg temette el a levágott k)
[186/1187] Letöltés (ID  361 | Nepszava    ): https://nepszava.hu/3332233_csuzli-lovlesek-persterzsebet-elfogas...
      [✓] Mentve: 3x MD + Meta/NLP JSON (Cím: Csúzlival lőtt csapágygolyókat üzletre és lak)
[187/1187] Letöltés (ID  393 | Nepszava    ): https://nepszava.hu/3332506_cserhalmi-gyorgy-nagy-ervin-szinhaz-e...
      [✓] Mentve: 3x MD + Meta/NLP JSON (Cím: „Be kéne iratkozni valami fejlődéstechnikai á)
[188/1187] Letöltés (ID  813 | Blikk       ): https://www.blikk.hu/ferfiaknak/tech/genterapia-kiserlet-gyerekek...
      [✓] Mentve: 3x MD + Meta/NLP JSON (Cím: Két gyermek halt meg génterápiák következtébe)
[189/1187] Letöltés (ID 1230 | Vadhajtasok ): https://www.vadhajtasok.hu/2026/09/06/ilike-valaszolgat-az-eltunt...
      [✓] Mentve: 3x MD + Meta/NLP JSON (Cím: Ilike válaszolgat az eltűnt Magyar Péter hely)
[190/1187] Letöltés (ID  209 | Origo       ): https://www.origo.hu/tudomany/2026/09/tirozinszint-ferfiak-varhat...
      [✓] Mentve: 3x MD + Meta/NLP JSON (Cím: kiegészítők rövidíthetik meg a férfiak életét)
[191/1187] Letöltés (ID  973 | Portfolio   ): https://www.portfolio.hu/gazdasag/20260213/eu-s-recept-amiben-epp...
      [✓] Mentve: 3x MD + Meta/NLP JSON (Cím: EU-s recept, amiben éppen a „hagyma” lehet az)
[192/1187] Letöltés (ID  550 | 24.hu       ): https://www.vezess.hu/vezetunk/2026/09/08/olyan-eletet-valasztott...
      [✓] Mentve: 3x MD + Meta/NLP JSON (Cím: Úgy él a 80 éves nyugdíjas, ahogy sokan nem m)
[193/1187] Letöltés (ID  726 | Blikk       ): https://www.blikk.hu/auto/benzin-uzemanyag-e15-higitas/cy56d4z...
      [✓] Mentve: 3x MD + Meta/NLP JSON (Cím: Újra hígítják a benzint a kutakon – itt vanna)
[194/1187] Letöltés (ID  436 | 24.hu       ): https://24.hu/elet-stilus/2026/09/08/toth-gyula-kaszkador-emmy...
      [✓] Mentve: 3x MD + Meta/NLP JSON (Cím: Magyar kaszkadőr nyert Emmy-díjat Hollywoodba)
[195/1187] Letöltés (ID 1250 | Vadhajtasok ): https://www.vadhajtasok.hu/2026/09/09/eszkalalodik-a-haboru-mar-a...
      [✓] Mentve: 3x MD + Meta/NLP JSON (Cím: Eszkalálódik a háború: már amerikai hajókat i)
[196/1187] Letöltés (ID  356 | Nepszava    ): https://nepszava.hu/3332307_us-open-parosban-javitottak-a-magyaro...
      [✓] Mentve: 3x MD + Meta/NLP JSON (Cím: US Open: párosban javítottak a magyarok)
[197/1187] Letöltés (ID  967 | Portfolio   ): https://www.portfolio.hu/uzlet/20260907/itt-a-dontes-igy-valtozik...
      [✓] Mentve: 3x MD + Meta/NLP JSON (Cím: Itt a döntés: így változik a benzin és a díze)
[198/1187] Letöltés (ID  227 | Origo       ): https://www.origo.hu/sport/sport-egyeni/2026/09/milak-kristof-edz...
      [✓] Mentve: 3x MD + Meta/NLP JSON (Cím: Milák Kristóf edzője újabb jó hírt kapott)
[199/1187] Letöltés (ID  401 | Nepszava    ): https://nepszava.hu/3332499_magyarorszag-noi-kosarlabda-valogatot...
      [✓] Mentve: 3x MD + Meta/NLP JSON (Cím: Japán legyőzésével bejutott a vb negyeddöntőj)
[200/1187] Letöltés (ID   82 | Origo       ): https://www.origo.hu/belpol/2026/09/szijjarto-peter-byd-tenyi-ist...
      [✓] Mentve: 3x MD + Meta/NLP JSON (Cím: Szijjártó Péter és a BYD: elutasította a felj)
[201/1187] Letöltés (ID  479 | 24.hu       ): https://24.hu/belfold/2026/09/06/turi-timea-kozmedia-ner-feleloss...
      [✓] Mentve: 3x MD + Meta/NLP JSON (Cím: Turi Tímea: Hogyan nem lettem a közmédia vilá)
[202/1187] Letöltés (ID 1187 | Vadhajtasok ): https://www.vadhajtasok.hu/2026/09/08/megtapsoltak-a-kolas-dobozo...
      [✓] Mentve: 3x MD + Meta/NLP JSON (Cím: Megtapsolták a kólás dobozok Toroczkai László)
[203/1187] Letöltés (ID  676 | Blikk       ): https://www.blikk.hu/sztarvilag/hazai-sztarok/kollo-babett-penzug...
      [✓] Mentve: 3x MD + Meta/NLP JSON (Cím: Köllő Babett bevallotta, nem mindig volt luxu)
[204/1187] Letöltés (ID  949 | Portfolio   ): https://www.portfolio.hu/uzlet/20260908/ellenall-a-magyar-tozsde-...
      [✓] Mentve: 3x MD + Meta/NLP JSON (Cím: Ellenáll a magyar tőzsde az európai esésnek)
[205/1187] Letöltés (ID  743 | Blikk       ): https://www.blikk.hu/galeria/barbie-baba-valtozasok-kezdetek-napj...
      [✓] Mentve: 3x MD + Meta/NLP JSON (Cím: Így nézett ki az első Barbie, ma rá sem ismer)
[206/1187] Letöltés (ID 1225 | Vadhajtasok ): https://www.vadhajtasok.hu/2026/09/07/rovar-ur-folszolitotta-a-ma...
      [✓] Mentve: 3x MD + Meta/NLP JSON (Cím: Rovar úr fölszólította a magyarokat: ne nagyo)
[207/1187] Letöltés (ID  945 | Portfolio   ): https://www.portfolio.hu/unios-forrasok/20260908/mar-az-allasinte...
      [✓] Mentve: 3x MD + Meta/NLP JSON (Cím: Már az állásinterjú előtt ki kell derülnie a )
[208/1187] Letöltés (ID  340 | Nepszava    ): https://nepszava.hu/3332359_ferencvaros-noi-kezilabda-bajnokok-li...
      [✓] Mentve: 3x MD + Meta/NLP JSON (Cím: Magabiztos idegenbeli győzelemmel kezdte a BL)
[209/1187] Letöltés (ID  438 | 24.hu       ): https://24.hu/belfold/2026/09/07/bochkor-gabor-karacsony-gergely-...
      [✓] Mentve: 3x MD + Meta/NLP JSON (Cím: „Ha jól értem, az volt a fő baja, hogy a Merc)
[210/1187] Letöltés (ID   11 | Origo       ): https://www.origo.hu/eletmod/2026/09/kviz-muveltseg-hires-festmen...
      [✓] Mentve: 3x MD + Meta/NLP JSON (Cím: Műveltségi kvíz: ki festette a világ leghíres)
[211/1187] Letöltés (ID 1194 | Vadhajtasok ): https://www.vadhajtasok.hu/2026/09/08/muranyi-bandi-szerint-toroc...
      [✓] Mentve: 3x MD + Meta/NLP JSON (Cím: Murányi Bandi szerint Toroczkainak távoznia k)
[212/1187] Letöltés (ID  748 | Blikk       ): https://www.kiskegyed.hu/most-tortenik/boraros-gabor-botrany-biro...
      [✓] Mentve: 3x MD + Meta/NLP JSON (Cím: „Okádok, szánalmas!” – kiakadt az exére Borár)
[213/1187] Letöltés (ID 1068 | Portfolio   ): https://www.portfolio.hu/gazdasag/20260908/a-fenntarthatosag-mar-...
      [✓] Mentve: 3x MD + Meta/NLP JSON (Cím: A fenntarthatóság már nem kommunikációs kérdé)
[214/1187] Letöltés (ID  262 | Origo       ): https://www.origo.hu/itthon/2026/09/szules-csepel-kismama-mentok...
      [✓] Mentve: 3x MD + Meta/NLP JSON (Cím: Dráma Csepelen: 39 hetes kismamához riasztott)
[215/1187] Letöltés (ID  579 | 24.hu       ): https://24.hu/belfold/2026/09/08/vamosszabadi-kavicsbanya-halalos...
      [✓] Mentve: 3x MD + Meta/NLP JSON (Cím: Megvádolták a sofőrt, aki tragédiát okozott a)
[216/1187] Letöltés (ID  268 | Nepszava    ): https://nepszava.hu/3332439_magyar-peter-megyei-onkormanyzatok...
      [✓] Mentve: 3x MD + Meta/NLP JSON (Cím: Magyar Péter szerint jelen formájukban felesl)
[217/1187] Letöltés (ID  300 | Nepszava    ): https://nepszava.hu/3328122_demokratikus-deficit...
      [✓] Mentve: 3x MD + Meta/NLP JSON (Cím: Demokratikus deficit)
[218/1187] Letöltés (ID 1251 | Vadhajtasok ): https://www.vadhajtasok.hu/2026/09/09/trump-gratulalt-az-afd-vala...
      [✓] Mentve: 3x MD + Meta/NLP JSON (Cím: Trump gratulált az AfD választási sikeréhez)
[219/1187] Letöltés (ID  639 | 24.hu       ): https://24.hu/sport/foci/2026/09/08/nb2-dvtk-edzovaltas-feczko-ta...
      [✓] Mentve: 3x MD + Meta/NLP JSON (Cím: „Azért jöttem, hogy a mélyrepülést megállítsu)
[220/1187] Letöltés (ID  180 | Origo       ): https://www.origo.hu/kultura/2026/09/esztergalyos-cecilia-interju...
      [✓] Mentve: 3x MD + Meta/NLP JSON (Cím: Esztergályos Cecília új szerepéről és magánél)
[221/1187] Letöltés (ID 1145 | Portfolio   ): https://www.portfolio.hu/global/20260908/figyelem-megjelent-a-ret...
      [✓] Mentve: 3x MD + Meta/NLP JSON (Cím: Figyelem: megjelent a rettegett backwardation)
[222/1187] Letöltés (ID  694 | Blikk       ): https://www.blikk.hu/gazdasag/penz/naperomu-paks-energia-penztarc...
      [✓] Mentve: 3x MD + Meta/NLP JSON (Cím: Miért fizetünk ötszörös árat az áramért, amik)
[223/1187] Letöltés (ID  318 | Nepszava    ): https://nepszava.hu/3331776_lakhatasi-valsag-magyarorszag-korkep...
      [✓] Mentve: 3x MD + Meta/NLP JSON (Cím: Válság van, de lakni márpedig kell valahol, e)
[224/1187] Letöltés (ID 1197 | Vadhajtasok ): https://www.vadhajtasok.hu/2026/09/07/sogor-koma-kormany-magyar-p...
      [✓] Mentve: 3x MD + Meta/NLP JSON (Cím: Sógor-koma kormány: Magyar Péter a barátnőjén)
[225/1187] Letöltés (ID  867 | Blikk       ): https://www.blikk.hu/sztarvilag/hazai-sztarok/gallusz-nikolett-ba...
      [✓] Mentve: 3x MD + Meta/NLP JSON (Cím: Meglepő szerepben Gallusz Nikolett: Barbra St)
[226/1187] Letöltés (ID  118 | Origo       ): https://www.origo.hu/tudomany/2026/09/kronikus-fajdalom-agyi-stim...
      [✓] Mentve: 3x MD + Meta/NLP JSON (Cím: Krónikus fájdalom: személyre szabott agyi sti)
[227/1187] Letöltés (ID  521 | 24.hu       ): https://24.hu/tech/2026/09/07/google-uzenetek-alkalmazas-ujitas-r...
      [✓] Mentve: 3x MD + Meta/NLP JSON (Cím: Látványos újítás jön az androidos üzenetküldő)
[228/1187] Letöltés (ID  974 | Portfolio   ): https://www.portfolio.hu/gazdasag/20260907/megerositette-a-volksw...
      [✓] Mentve: 3x MD + Meta/NLP JSON (Cím: Megerősítette a Volkswagen: a magyarországi A)
[229/1187] Letöltés (ID  906 | Portfolio   ): https://www.portfolio.hu/befektetes/20260908/nincs-megallas-mar-t...
      [✓] Mentve: 3x MD + Meta/NLP JSON (Cím: Nincs megállás, már több mint másfél éves csú)
[230/1187] Letöltés (ID  512 | 24.hu       ): https://24.hu/sport/2026/09/06/manyoki-attila-interju-nyilt-vizi-...
      [✓] Mentve: 3x MD + Meta/NLP JSON (Cím: Mányoki Attila: Itt ha elmerengsz valamin, vi)
[231/1187] Letöltés (ID  328 | Nepszava    ): https://nepszava.hu/3332397_sepsi-eniko-szinhaz-es-filmmuveszeti-...
      [✓] Mentve: 3x MD + Meta/NLP JSON (Cím: Sepsi Enikő, a Színház- és Filmművészeti Egye)
[232/1187] Letöltés (ID  245 | Origo       ): https://www.origo.hu/teve/2026/09/marics-peti-balint-antonia-mega...
      [✓] Mentve: 3x MD + Meta/NLP JSON (Cím: így fogadta Marics Peti Bálint Antóniát)
[233/1187] Letöltés (ID 1231 | Vadhajtasok ): https://www.vadhajtasok.hu/2026/09/08/ez-a-rekordok-kormanya-reko...
      [✓] Mentve: 3x MD + Meta/NLP JSON (Cím: Ez a rekordok kormánya! Rekordhiány, rekordma)
[234/1187] Letöltés (ID  856 | Blikk       ): https://www.blikk.hu/gazdasag/penz/otthon-start-bank-fedezet-inga...
      [✓] Mentve: 3x MD + Meta/NLP JSON (Cím: Így adhatja el a hitellel vett otthonát gond )
[235/1187] Letöltés (ID  855 | Blikk       ): https://www.blikk.hu/gazdasag/penz/maganovoda-magyarorszag-arak/e...
      [✓] Mentve: 3x MD + Meta/NLP JSON (Cím: Ennyibe kerül ma egy magánóvoda Magyarországo)
[236/1187] Letöltés (ID   79 | Origo       ): https://www.origo.hu/belpol/2026/09/magyar-peter-szabo-ilona-pozi...
      [✓] Mentve: 3x MD + Meta/NLP JSON (Cím: Magyar Péter a sógora után a barátnőjének is )
[237/1187] Letöltés (ID 1051 | Portfolio   ): https://www.portfolio.hu/deviza/20260908/kapaszkodik-a-forint-861...
      [✓] Mentve: 3x MD + Meta/NLP JSON (Cím: Hiába a közel 100 dolláros olajár, visszajött)
[238/1187] Letöltés (ID  296 | Nepszava    ): https://nepszava.hu/3332420_nemzeti-kulturalis-alap-orizetbe-vete...
      [✓] Mentve: 3x MD + Meta/NLP JSON (Cím: Újabb két embert vettek őrizetbe az NKA-ügybe)
[239/1187] Letöltés (ID  482 | 24.hu       ): https://24.hu/fn/gazdasag/2026/09/07/paks-ii-roszatom-csuszas-mag...
      [✓] Mentve: 3x MD + Meta/NLP JSON (Cím: Politico: Paks II. tovább csúszik a Roszatom )
[240/1187] Letöltés (ID 1209 | Vadhajtasok ): https://www.vadhajtasok.hu/2026/09/02/tobb-mint-egy-kilometeres-l...
      [✓] Mentve: 3x MD + Meta/NLP JSON (Cím: Több mint egy kilométeres lövésével világreko)
[241/1187] Letöltés (ID  544 | 24.hu       ): https://sokszinuvidek.24.hu/kertunk-portank/2026/09/06/kert-arnye...
      [✓] Mentve: 3x MD + Meta/NLP JSON (Cím: Ezt a két fát ültessük el mielőbb a kertben, )
[242/1187] Letöltés (ID  187 | Origo       ): https://www.origo.hu/tudomany/2026/09/deneverek-immunrendszere-ve...
      [✓] Mentve: 3x MD + Meta/NLP JSON (Cím: Denevérek immunrendszere: kiderült, miért nem)
[243/1187] Letöltés (ID  948 | Portfolio   ): https://www.portfolio.hu/global/20260908/halalos-katasztrofa-a-me...
      [✓] Mentve: 3x MD + Meta/NLP JSON (Cím: Halálos katasztrófa a metropoliszban: kettész)
[244/1187] Letöltés (ID  757 | Blikk       ): https://www.glamour.hu/sztarok/harry-herceg-statusz-karoly-kiraly...
      [✓] Mentve: 3x MD + Meta/NLP JSON (Cím: Véget értek a spekulációk, Károly király tisz)
[245/1187] Letöltés (ID 1214 | Vadhajtasok ): https://www.vadhajtasok.hu/2026/09/06/orban-viktor-gratulalt-alic...
      [✓] Mentve: 3x MD + Meta/NLP JSON (Cím: Orbán Viktor gratulált Alice Weidelnek, és az)
[246/1187] Letöltés (ID  342 | Nepszava    ): https://nepszava.hu/3332341_fot-aldi-csokolade-bolti-lopas...
      [✓] Mentve: 3x MD + Meta/NLP JSON (Cím: Egy férfi bement a fóti Aldiba és ellopott 16)
[247/1187] Letöltés (ID  898 | Portfolio   ): https://www.portfolio.hu/unios-forrasok/20260908/elkeszult-egy-te...
      [✓] Mentve: 3x MD + Meta/NLP JSON (Cím: Elkészült egy terv, ami a magyar növekedési b)
[248/1187] Letöltés (ID  552 | 24.hu       ): https://www.vezess.hu/forma-1/2026/09/08/hivatalos-serules-miatt-...
      [✓] Mentve: 3x MD + Meta/NLP JSON (Cím: Hivatalos: sérülés miatt kihagyja Madridot az)
[249/1187] Letöltés (ID  775 | Blikk       ): https://www.blikk.hu/blikk-tv/szalay-bence-celeb-vagyok-ments-ki-...
      [✓] Mentve: 3x MD + Meta/NLP JSON (Cím: Szalay Bence így indul a dzsungelbe a Celeb v)
[250/1187] Letöltés (ID  377 | Nepszava    ): https://nepszava.hu/3332515_leslie-mandoki-orban-viktor-orban-kor...
      [✓] Mentve: 3x MD + Meta/NLP JSON (Cím: Leslie Mandoki már nem tartja magát orbánistá)
[251/1187] Letöltés (ID  195 | Origo       ): https://www.origo.hu/itthon/2026/09/orban-viktor-koltsegvetes-hia...
      [✓] Mentve: 3x MD + Meta/NLP JSON (Cím: Orbán Viktor: Ez nem a magyarok napja volt)
[252/1187] Letöltés (ID 1233 | Vadhajtasok ): https://www.vadhajtasok.hu/2026/09/08/bloomberg-az-afd-gyozelme-m...
      [✓] Mentve: 3x MD + Meta/NLP JSON (Cím: Bloomberg: az AfD győzelme mérföldkőnek számí)
[253/1187] Letöltés (ID  150 | Origo       ): https://www.origo.hu/kulpol/2026/09/ukran-haboru-vege-targyalas...
      [✓] Mentve: 3x MD + Meta/NLP JSON (Cím: Továbbra sem látszik az ukrán háború vége)
[254/1187] Letöltés (ID 1195 | Vadhajtasok ): https://www.vadhajtasok.hu/2026/09/07/elokerult-a-levelezes-miert...
      [✓] Mentve: 3x MD + Meta/NLP JSON (Cím: Előkerült a levelezés, miért nem jelent meg e)
[255/1187] Letöltés (ID  283 | Nepszava    ): https://nepszava.hu/3332249_budapesti-parkolas-garazsok-kozossegi...
      [✓] Mentve: 3x MD + Meta/NLP JSON (Cím: Meddig lesz autótároló a pesti utca?)
[256/1187] Letöltés (ID  958 | Portfolio   ): https://www.portfolio.hu/gazdasag/20260907/recept-nelkul-szortak-...
      [✓] Mentve: 3x MD + Meta/NLP JSON (Cím: Recept nélkül szórták a méregdrága fogyasztós)
[257/1187] Letöltés (ID  495 | 24.hu       ): https://24.hu/kultura/2026/09/07/gyerekmusor-teve-mtv-kviz...
      [✓] Mentve: 3x MD + Meta/NLP JSON (Cím: Három kívánság és Kölyökidő: Mennyire vagy ot)
[258/1187] Letöltés (ID  843 | Blikk       ): https://www.blikk.hu/aktualis/belfold/pecel-azbeszt-vizsgalat-pol...
      [✓] Mentve: 3x MD + Meta/NLP JSON (Cím: Maglód után Pécelen is azbesztet keresnek az )
[259/1187] Letöltés (ID 1259 | Vadhajtasok ): https://www.vadhajtasok.hu/2026/09/08/ivanyi-gaborek-tovabbra-is-...
      [✓] Mentve: 3x MD + Meta/NLP JSON (Cím: Iványi Gáborék továbbra is hiába várják, hogy)
[260/1187] Letöltés (ID  812 | Blikk       ): https://www.blikk.hu/ferfiaknak/tech/hal-melegites-mikrohullamu-s...
      [✓] Mentve: 3x MD + Meta/NLP JSON (Cím: Ezért van olyan kellemetlen szaga, a mikróban)
[261/1187] Letöltés (ID  252 | Origo       ): https://www.origo.hu/kultura/2026/09/mommy-blue-cinefest-premier...
      [✓] Mentve: 3x MD + Meta/NLP JSON (Cím: Így sikerült a Mommy Blue című film)
[262/1187] Letöltés (ID  462 | 24.hu       ): https://24.hu/sport/2026/09/07/posfai-gabor-nru-biro-peter-felmen...
      [✓] Mentve: 3x MD + Meta/NLP JSON (Cím: Pósfai Gábor kirúgta az NSÜ elnök-vezérigazga)
[263/1187] Letöltés (ID  381 | Nepszava    ): https://nepszava.hu/3332503_vajtu-anasztazia-kapta-elsokent-a-vir...
      [✓] Mentve: 3x MD + Meta/NLP JSON (Cím: Díjat alapítottak Karsai Dániel emlékére az e)
[264/1187] Letöltés (ID 1054 | Portfolio   ): https://www.portfolio.hu/global/20260908/ujra-lenduletben-a-beket...
      [✓] Mentve: 3x MD + Meta/NLP JSON (Cím: Újra lendületben a béketárgyalások, de Kijev )
[265/1187] Letöltés (ID  486 | 24.hu       ): https://24.hu/belfold/2026/09/07/otezer-forintert-arulta-a-krista...
      [✓] Mentve: 3x MD + Meta/NLP JSON (Cím: Ötezer forintért árulta a kristályt egy nő Kő)
[266/1187] Letöltés (ID  346 | Nepszava    ): https://nepszava.hu/3332326_mtk-kisvarda-nb-i-7-fordulo-labdaruga...
      [✓] Mentve: 3x MD + Meta/NLP JSON (Cím: Későn ébredt az MTK, három ponttal távozott a)
[267/1187] Letöltés (ID 1211 | Vadhajtasok ): https://www.vadhajtasok.hu/2026/09/07/kiakadt-a-nemet-kancellar-a...
      [✓] Mentve: 3x MD + Meta/NLP JSON (Cím: Kiakadt a német kancellár az AfD szász-anhalt)
[268/1187] Letöltés (ID 1184 | Portfolio   ): https://www.agrarszektor.hu/agrofokusz/20260909/az-aszaly-ellen-s...
      [✓] Mentve: 3x MD + Meta/NLP JSON (Cím: Az aszály ellen – szárítással? Amikor a lábon)
[269/1187] Letöltés (ID  800 | Blikk       ): https://www.blikk.hu/sport/ferencvaros-ujpest-kubatov-gabor-jo-hi...
      [✓] Mentve: 3x MD + Meta/NLP JSON (Cím: Kubatov Gábor így értékelte a derbin elért dö)
[270/1187] Letöltés (ID   28 | Origo       ): https://www.origo.hu/sport/sport-futball/2026/09/szoboszlai-domin...
      [✓] Mentve: 3x MD + Meta/NLP JSON (Cím: Szoboszlai Dominik beszélgetett Steven Gerrar)
[271/1187] Letöltés (ID  432 | 24.hu       ): https://24.hu/belfold/2026/09/08/forsthoffer-toroczkai-magyar-szo...
      [✓] Mentve: 3x MD + Meta/NLP JSON (Cím: Forsthoffer Ágnes kizárta a parlamenti e heti)
[272/1187] Letöltés (ID  293 | Nepszava    ): https://nepszava.hu/3332424_bravuros-gyozelmet-aratott-a-magyar-n...
      [✓] Mentve: 3x MD + Meta/NLP JSON (Cím: Bravúros győzelmet aratott a magyar női kosár)
[273/1187] Letöltés (ID  712 | Blikk       ): https://www.egeszsegkalauz.hu/szines/sztrok-szelutes-gyerek-kisfi...
      [✓] Mentve: 3x MD + Meta/NLP JSON (Cím: Ártalmatlannak tűnő panasszal kezdődött: szél)
[274/1187] Letöltés (ID 1124 | Portfolio   ): https://www.portfolio.hu/befektetes/20260909/a-bayeux-i-falikarpi...
      [✓] Mentve: 3x MD + Meta/NLP JSON (Cím: A bayeux-i falikárpittól Francis Baconig)
[275/1187] Letöltés (ID 1245 | Vadhajtasok ): https://www.vadhajtasok.hu/2026/09/08/oroszorszag-reagalni-fog-a-...
      [✓] Mentve: 3x MD + Meta/NLP JSON (Cím: Oroszország reagálni fog a diplomaták kiutasí)
[276/1187] Letöltés (ID   23 | Origo       ): https://www.origo.hu/nagyvilag/2026/09/eiffel-torony-bezaras-dolg...
      [✓] Mentve: 3x MD + Meta/NLP JSON (Cím: torony bezárt, miután sztrájkba léptek a dolg)
[277/1187] Letöltés (ID  638 | 24.hu       ): https://24.hu/sport/foci/2026/09/08/aranylabda-harminc-jelolt-lio...
      [✓] Mentve: 3x MD + Meta/NLP JSON (Cím: PSG-fölény, de Messi is Rodri is ott van az A)
[278/1187] Letöltés (ID 1099 | Portfolio   ): https://www.agrarszektor.hu/vallalkozas/20260908/keressuk-a-magya...
      [✓] Mentve: 3x MD + Meta/NLP JSON (Cím: Keressük a magyar agrárium legjobbjait! Nevez)
[279/1187] Letöltés (ID  375 | Nepszava    ): https://nepszava.hu/3332441_budapest-torok-kulturalis-intezet-vis...
      [✓] Mentve: 3x MD + Meta/NLP JSON (Cím: Nyomoz a rendőrség, miután magyar állampolgár)
[280/1187] Letöltés (ID  119 | Origo       ): https://www.origo.hu/tudomany/2026/09/oregedes-tengeri-allatban-t...
      [✓] Mentve: 3x MD + Meta/NLP JSON (Cím: Az öregedés megelőzésében segíthet egy tenger)
[281/1187] Letöltés (ID  794 | Blikk       ): https://www.blikk.hu/gazdasag/penz/temu-shein-vam-csomag/qrk2nxp...
      [✓] Mentve: 3x MD + Meta/NLP JSON (Cím: Tovább drágulhat a Temu és a Shein)
[282/1187] Letöltés (ID 1207 | Vadhajtasok ): https://www.vadhajtasok.hu/2026/09/06/igy-szolt-a-nelkuled-a-dac-...
      [✓] Mentve: 3x MD + Meta/NLP JSON (Cím: Így szólt a Nélküled a DAC - Slovan Pozsony r)
[283/1187] Letöltés (ID 1148 | Portfolio   ): https://www.portfolio.hu/gazdasag/20260908/elkerulhetetlenne-valt...
      [✓] Mentve: 3x MD + Meta/NLP JSON (Cím: Elkerülhetetlenné vált a drasztikus változás )
[284/1187] Letöltés (ID 1261 | Vadhajtasok ): https://www.vadhajtasok.hu/2026/09/08/telefonon-targyalt-vlagyimi...
      [✓] Mentve: 3x MD + Meta/NLP JSON (Cím: Telefonon tárgyalt Vlagyimir Putyin és Donald)
[285/1187] Letöltés (ID  716 | Blikk       ): https://www.egeszsegkalauz.hu/szines/kilenc-szerv-eltavolit-dagan...
      [✓] Mentve: 3x MD + Meta/NLP JSON (Cím: Kilenc szervét távolították el a 42 éves nőne)
[286/1187] Letöltés (ID  421 | Nepszava    ): https://nepszava.hu/3332485_nemes-laszlo-moulin-hazai-bemutato...
      [✓] Mentve: 3x MD + Meta/NLP JSON (Cím: November 12-től látható a hazai mozikban Neme)
[287/1187] Letöltés (ID  485 | 24.hu       ): https://24.hu/belfold/2026/09/07/komarom-eltunt-50-eves-ferfi-meg...
      [✓] Mentve: 3x MD + Meta/NLP JSON (Cím: Holtan találták meg a komáromi buli után eltű)
[288/1187] Letöltés (ID   86 | Origo       ): https://www.origo.hu/sport/sport-egyeni/2026/09/cselgancs-akaki-j...
      [✓] Mentve: 3x MD + Meta/NLP JSON (Cím: Örökre eltilthatják az ellenfele állkapcsát e)
[289/1187] Letöltés (ID 1166 | Portfolio   ): https://www.portfolio.hu/uzlet/20260908/nekiment-egy-repulogepgya...
      [✓] Mentve: 3x MD + Meta/NLP JSON (Cím: Nekiment egy repülőgépgyártónak Donald Trump,)
[290/1187] Letöltés (ID  826 | Blikk       ): https://www.glamour.hu/sztarok/salma-hayek-meztelen/1389wgj...
      [✓] Mentve: 3x MD + Meta/NLP JSON (Cím: Salma Hayek meztelenül mártózott meg az óceán)
[291/1187] Letöltés (ID  557 | 24.hu       ): https://www.noklapja.hu/aktualis/2026/09/08/pisa-felmeres-2025...
      [✓] Mentve: 3x MD + Meta/NLP JSON (Cím: PISA 2025: nagyot romlott a magyar diákok szö)
[292/1187] Letöltés (ID 1248 | Vadhajtasok ): https://www.vadhajtasok.hu/2026/09/09/leslie-mandoki-reg-nem-erte...
      [✓] Mentve: 3x MD + Meta/NLP JSON (Cím: Leslie Mandoki "rég nem értett egyet Orbán Vi)
[293/1187] Letöltés (ID  409 | Nepszava    ): https://nepszava.hu/3332468_hargitai-miklos-a-kozmedia-atalakitas...
      [✓] Mentve: 3x MD + Meta/NLP JSON (Cím: Hargitai Miklós: A közmédia átalakítása csak )
[294/1187] Letöltés (ID    7 | Origo       ): https://www.origo.hu/kulpol/2026/09/afd-gyozelem-nemetorszagnak-e...
      [✓] Mentve: 3x MD + Meta/NLP JSON (Cím: Mit jelent az AfD győzelme Németországnak és )
[295/1187] Letöltés (ID  336 | Nepszava    ): https://nepszava.hu/3332370_matthew-perry-dokusorozat-jobaratok-n...
      [✓] Mentve: 3x MD + Meta/NLP JSON (Cím: Matthew Perry-dokumentumsorozat érkezik a Net)
[296/1187] Letöltés (ID 1110 | Portfolio   ): https://www.portfolio.hu/global/20260909/kimeletlenul-lecsapott-u...
      [✓] Mentve: 3x MD + Meta/NLP JSON (Cím: tenger legnagyobb orosz kikötővárosára: videó)
[297/1187] Letöltés (ID 1227 | Vadhajtasok ): https://www.vadhajtasok.hu/2026/09/03/retvari-igy-meg-senki-nem-n...
      [✓] Mentve: 3x MD + Meta/NLP JSON (Cím: Rétvári: Így még senki nem nézte le a tanárok)
[298/1187] Letöltés (ID  786 | Blikk       ): https://www.blikk.hu/sztarvilag/hazai-sztarok/balint-antonia-mega...
      [✓] Mentve: 3x MD + Meta/NLP JSON (Cím: Bálint Antónia feltűnt a Megasztárban: Marics)
[299/1187] Letöltés (ID  631 | 24.hu       ): https://sokszinuvidek.24.hu/mozaik/2026/09/09/szalakota-madar-ter...
      [✓] Mentve: 3x MD + Meta/NLP JSON (Cím: Lélegzetelállító felvételeken mutatjuk meg ha)
[300/1187] Letöltés (ID   94 | Origo       ): https://www.origo.hu/belpol/2026/09/idokozi-valasztas-2...
      [✓] Mentve: 3x MD + Meta/NLP JSON (Cím: Több településen is leváltották a polgármeste)
[301/1187] Letöltés (ID   80 | Origo       ): https://www.origo.hu/belpol/2026/09/parlament-oszi-ulesszak-orsza...
      [✓] Mentve: 3x MD + Meta/NLP JSON (Cím: Parlament: elkezdődött a parlament őszi üléss)
[302/1187] Letöltés (ID  394 | Nepszava    ): https://nepszava.hu/3332406_laurie-anderson-titkos-uzenet-klimave...
      [✓] Mentve: 3x MD + Meta/NLP JSON (Cím: Üzenet, melyet csak 2114-ben lehet elolvasni:)
[303/1187] Letöltés (ID  451 | 24.hu       ): https://24.hu/sport/2026/09/07/jegkorong-emlekezes-lokomotiv-jaro...
      [✓] Mentve: 3x MD + Meta/NLP JSON (Cím: „Szeretünk, emlékezünk, gyászolunk” – tizenöt)
[304/1187] Letöltés (ID 1263 | Vadhajtasok ): https://www.vadhajtasok.hu/2026/09/08/a-roman-diakok-fele-alig-tu...
      [✓] Mentve: 3x MD + Meta/NLP JSON (Cím: A román diákok fele alig tud számolni)
[305/1187] Letöltés (ID  679 | Blikk       ): https://www.blikk.hu/sztarvilag/filmklikk/bruce-campbell-rak-diag...
      [✓] Mentve: 3x MD + Meta/NLP JSON (Cím: Öt éve van hátra a Pókember filmek rákkal küz)
[306/1187] Letöltés (ID 1060 | Portfolio   ): https://www.portfolio.hu/global/20260908/tortenelmi-fordulat-kesz...
      [✓] Mentve: 3x MD + Meta/NLP JSON (Cím: Történelmi fordulat készül - Ha ezt meglépi T)
[307/1187] Letöltés (ID   51 | Origo       ): https://www.origo.hu/belpol/2026/09/unios-penzek-kifizetese-bruss...
      [✓] Mentve: 3x MD + Meta/NLP JSON (Cím: Uniós pénzek: azonnali kifizetést követel a F)
[308/1187] Letöltés (ID  894 | Blikk       ): https://blikkruzs.blikk.hu/sztarhirek/bereczki-zoltan-abel-anita-...
      [✓] Mentve: 3x MD + Meta/NLP JSON (Cím: Bereczki Zoltán elárulta, miért jó kétszer vá)
[309/1187] Letöltés (ID 1133 | Portfolio   ): https://www.portfolio.hu/global/20260908/betelt-a-pohar-kanadanal...
      [✓] Mentve: 3x MD + Meta/NLP JSON (Cím: Betelt a pohár Kanadánál: kemény ellenállásba)
[310/1187] Letöltés (ID  448 | 24.hu       ): https://24.hu/sport/2026/09/08/atletika-futas-felmaraton-uj-kaled...
      [✓] Mentve: 3x MD + Meta/NLP JSON (Cím: Egy ember meghalt, sokan rosszul lettek, leál)
[311/1187] Letöltés (ID  347 | Nepszava    ): https://nepszava.hu/3332277_papp-sandor-zsigmond-nem-letezo-barat...
      [✓] Mentve: 3x MD + Meta/NLP JSON (Cím: Papp Sándor Zsigmond: Nem létező barátaink)
[312/1187] Letöltés (ID 1252 | Vadhajtasok ): https://www.vadhajtasok.hu/2026/09/08/cenzurazzak-lannert-judit-f...
      [✓] Mentve: 3x MD + Meta/NLP JSON (Cím: Cenzúrázzák Lannert Judit Facebook-oldalán a )
[313/1187] Letöltés (ID  241 | Origo       ): https://www.origo.hu/filmklub/2026/09/martin-freeman-filmek-penz...
      [✓] Mentve: 3x MD + Meta/NLP JSON (Cím: 55 éves lett Hollywood egyik legtöbb pénzt te)
[314/1187] Letöltés (ID  753 | Blikk       ): https://www.glamour.hu/kultura/ladik-katalin-performansz-muvesz-s...
      [✓] Mentve: 3x MD + Meta/NLP JSON (Cím: Ladik Katalin: „A költészetemet arra hozták f)
[315/1187] Letöltés (ID  997 | Portfolio   ): https://www.portfolio.hu/unios-forrasok/20260907/brusszel-rafordu...
      [✓] Mentve: 3x MD + Meta/NLP JSON (Cím: Brüsszel ráfordul Grönlandra: százmilliárdoka)
[316/1187] Letöltés (ID  644 | 24.hu       ): https://ng.24.hu/magazin/2026/09/08/selyemut-utvonala-tortenete...
      [✓] Mentve: 3x MD + Meta/NLP JSON (Cím: Más volt a Selyemút, mint ahogy az iskolában )
[317/1187] Letöltés (ID 1246 | Vadhajtasok ): https://www.vadhajtasok.hu/2026/09/08/ujabb-botrany-a-parlamentbe...
      [✓] Mentve: 3x MD + Meta/NLP JSON (Cím: Újabb botrány a Parlamentben: Balla György ke)
[318/1187] Letöltés (ID  348 | Nepszava    ): https://nepszava.hu/3332324_ajka-onkormanyzat-kinai-befektetok-ip...
      [✓] Mentve: 3x MD + Meta/NLP JSON (Cím: Környezetbarát kínai nagyberuházásról tárgyal)
[319/1187] Letöltés (ID 1242 | Vadhajtasok ): https://www.vadhajtasok.hu/2026/09/08/tamogatja-e-magyar-peter-a-...
      [✓] Mentve: 3x MD + Meta/NLP JSON (Cím: Támogatja-e Magyar Péter a rendőrterror áldoz)
[320/1187] Letöltés (ID   93 | Origo       ): https://www.origo.hu/itthon/2026/09/audi-gyarbezaras-gyori-uzem-v...
      [✓] Mentve: 3x MD + Meta/NLP JSON (Cím: Audi gyárbezárás: megszólalt a vállalat, ezt )
[321/1187] Letöltés (ID  785 | Blikk       ): https://www.blikk.hu/sztarvilag/hazai-sztarok/toth-gabi-botrany-v...
      [✓] Mentve: 3x MD + Meta/NLP JSON (Cím: Tóth Gabi váratlan bejelentése: "Világgá ment)
[322/1187] Letöltés (ID  558 | 24.hu       ): https://www.noklapja.hu/aktualis/2026/09/08/webshop-csalas...
      [✓] Mentve: 3x MD + Meta/NLP JSON (Cím: 3 perces hamis webáruház teszt: ezt nézd meg )
[323/1187] Letöltés (ID  405 | Nepszava    ): https://nepszava.hu/3332475_ensz-menekultugyi-valsaghelyzet...
      [✓] Mentve: 3x MD + Meta/NLP JSON (Cím: Kifogásolja az ENSZ menekültügyi főbiztossága)
[324/1187] Letöltés (ID 1053 | Portfolio   ): https://www.portfolio.hu/ingatlan/20260908/olyan-dolog-mozgatja-a...
      [✓] Mentve: 3x MD + Meta/NLP JSON (Cím: Olyan dolog mozgatja az új lakások építését, )
[325/1187] Letöltés (ID 1216 | Vadhajtasok ): https://www.vadhajtasok.hu/2026/09/07/retvari-bence-szembesitette...
      [✓] Mentve: 3x MD + Meta/NLP JSON (Cím: Rétvári Bence szembesítette Magyar Pétert az )
[326/1187] Letöltés (ID  138 | Origo       ): https://www.origo.hu/itthon/2026/09/duna-almasfuzito-vorosesbarna...
      [✓] Mentve: 3x MD + Meta/NLP JSON (Cím: Duna: kiderült, mi okozhatja a vörösesbarna e)
[327/1187] Letöltés (ID  396 | Nepszava    ): https://nepszava.hu/3332504_bajnokok-ligaja-alapszakasz-aek-athen...
      [✓] Mentve: 3x MD + Meta/NLP JSON (Cím: Vitális Milán és Varga Barnabás csapata győze)
[328/1187] Letöltés (ID  749 | Blikk       ): https://www.egeszsegkalauz.hu/vizsgalat/vastagbelrak-tunet-szures...
      [✓] Mentve: 3x MD + Meta/NLP JSON (Cím: Egészségesnek hitte magát a 45 éves nő – az e)
[329/1187] Letöltés (ID  532 | 24.hu       ): https://24.hu/kulfold/2026/09/07/lipcse-dronincidens-oroszorszag-...
      [✓] Mentve: 3x MD + Meta/NLP JSON (Cím: Oroszország fokozta a diplomáciai feszültsége)
[330/1187] Letöltés (ID 1174 | Portfolio   ): https://www.penzcentrum.hu/gazdasag/20260909/veszelyes-csapda-fel...
      [✓] Mentve: 3x MD + Meta/NLP JSON (Cím: Veszélyes csapda felé robog a magyar gazdaság)
[331/1187] Letöltés (ID 1198 | Vadhajtasok ): https://www.vadhajtasok.hu/2026/09/08/a-vedett-uzemanyagarak-viss...
      [✓] Mentve: 3x MD + Meta/NLP JSON (Cím: A védett üzemanyagárak visszaállításáért dolg)
[332/1187] Letöltés (ID  508 | 24.hu       ): https://24.hu/sport/foci/2026/09/07/efrain-juarez-gyori-eto-futba...
      [✓] Mentve: 3x MD + Meta/NLP JSON (Cím: Az ETO edzője: Pár napja mi voltunk a futball)
[333/1187] Letöltés (ID  217 | Origo       ): https://www.origo.hu/techbazis/2026/09/vhs-50-eves...
      [✓] Mentve: 3x MD + Meta/NLP JSON (Cím: 50 éves a VHS: 7 érdekesség az otthoni mozizá)
[334/1187] Letöltés (ID  978 | Portfolio   ): https://www.portfolio.hu/gazdasag/20260907/mar-a-muholdakrol-is-l...
      [✓] Mentve: 3x MD + Meta/NLP JSON (Cím: Már a műholdakról is látszik a drámai változá)
[335/1187] Letöltés (ID  308 | Nepszava    ): https://nepszava.hu/3332289_magyar-gyorgy-toresvonal-podcast-vvh...
      [✓] Mentve: 3x MD + Meta/NLP JSON (Cím: Magyar György: Szakmai véleményezés nélkül vá)
[336/1187] Letöltés (ID  864 | Blikk       ): https://www.blikk.hu/sport/kulfoldi-foci/bajnokok-ligaja-varga-ba...
      [✓] Mentve: 3x MD + Meta/NLP JSON (Cím: Győzelemmel kezdett a Bajnokok Ligájában a Va)
[337/1187] Letöltés (ID  201 | Origo       ): https://www.origo.hu/itthon/2026/09/kullancslegy-verszivo-rovar-e...
      [✓] Mentve: 3x MD + Meta/NLP JSON (Cím: Kullancslégy: miért veszélyes és hogy lehet e)
[338/1187] Letöltés (ID 1241 | Vadhajtasok ): https://www.vadhajtasok.hu/2026/09/08/toroczkai-laszlo-nem-kerek-...
      [✓] Mentve: 3x MD + Meta/NLP JSON (Cím: Toroczkai László: Nem kérek bocsánatot, amíg )
[339/1187] Letöltés (ID  339 | Nepszava    ): https://nepszava.hu/3332362_chatgpt-valotlan-informacio-lipovan-h...
      [✓] Mentve: 3x MD + Meta/NLP JSON (Cím: Bekamuzott a ChatGPT egy halászléfesztivált D)
[340/1187] Letöltés (ID  594 | 24.hu       ): https://firstclass.hu/life/2026/09/08/osi-allat-maradvanyaira-buk...
      [✓] Mentve: 3x MD + Meta/NLP JSON (Cím: Ősi állat maradványaira bukkantak a Tiszában)
[341/1187] Letöltés (ID  844 | Blikk       ): https://www.blikk.hu/sztarvilag/hazai-sztarok/hegedus-d-geza-vigs...
      [✓] Mentve: 3x MD + Meta/NLP JSON (Cím: Ilyen egészségi állapotban van most a visszat)
[342/1187] Letöltés (ID 1129 | Portfolio   ): https://www.portfolio.hu/gazdasag/20260909/lelektani-szintre-ert-...
      [✓] Mentve: 3x MD + Meta/NLP JSON (Cím: Lélektani szintre ért az olajár, július óta n)
[343/1187] Letöltés (ID  416 | Nepszava    ): https://nepszava.hu/3332482_kubatov-gabor-ftc-fenyegetes...
      [✓] Mentve: 3x MD + Meta/NLP JSON (Cím: Kubatov Gábor megkérte a szurkolókat, hogy ta)
[344/1187] Letöltés (ID  483 | 24.hu       ): https://24.hu/belfold/2026/09/08/szombathely-halalos-baleset-kami...
      [✓] Mentve: 3x MD + Meta/NLP JSON (Cím: Halálos baleset történt Szombathely közelében)
[345/1187] Letöltés (ID 1205 | Vadhajtasok ): https://www.vadhajtasok.hu/2026/09/07/kigyulladt-egy-olajtarolo-s...
      [✓] Mentve: 3x MD + Meta/NLP JSON (Cím: Kigyulladt egy olajtároló Szocsiban, három na)
[346/1187] Letöltés (ID  216 | Origo       ): https://www.origo.hu/sport/sport-futball/2026/09/gulacsi-peter-bo...
      [✓] Mentve: 3x MD + Meta/NLP JSON (Cím: Gulácsi Péter teljesítménye a téma Spanyolors)
[347/1187] Letöltés (ID  742 | Blikk       ): https://www.blikk.hu/galeria/pozsonyi-piknik-2026-fotok/qshxtff...
      [✓] Mentve: 3x MD + Meta/NLP JSON (Cím: A rakparton ma bárki készíthetett egy szelfit)
[348/1187] Letöltés (ID  944 | Portfolio   ): https://www.portfolio.hu/global/20260908/nem-csillapodik-az-offen...
      [✓] Mentve: 3x MD + Meta/NLP JSON (Cím: Nem csillapodik az offenzíva: a lázadók dróno)
[349/1187] Letöltés (ID  671 | Blikk       ): https://www.blikk.hu/politika/magyar-politika/lazar-janos-klaus-m...
      [✓] Mentve: 3x MD + Meta/NLP JSON (Cím: Titkos dokumentumok fedik fel Lázár János zür)
[350/1187] Letöltés (ID 1021 | Portfolio   ): https://www.portfolio.hu/bank/20260907/a-bankoknak-nem-kiszallniu...
      [✓] Mentve: 3x MD + Meta/NLP JSON (Cím: A bankoknak nem kiszállniuk kell a szennyező )
[351/1187] Letöltés (ID  123 | Origo       ): https://www.origo.hu/techbazis/2026/09/mesterseges-intelligencia-...
      [✓] Mentve: 3x MD + Meta/NLP JSON (Cím: Baljós figyelmeztetés: bombák és biofegyverek)
[352/1187] Letöltés (ID  581 | 24.hu       ): https://24.hu/tech/2026/09/08/europai-bizottsag-von-der-leyen-mac...
      [✓] Mentve: 3x MD + Meta/NLP JSON (Cím: Egész Európában letiltaná a fiatalakot Macron)
[353/1187] Letöltés (ID  362 | Nepszava    ): https://nepszava.hu/3332473_szuverenitasvedelmi-hivatal-miniszter...
      [✓] Mentve: 3x MD + Meta/NLP JSON (Cím: Hűtlen kezelés gyanújával feljelentést tett a)
[354/1187] Letöltés (ID 1264 | Vadhajtasok ): https://www.vadhajtasok.hu/2026/09/08/az-europai-bizottsag-udvozo...
      [✓] Mentve: 3x MD + Meta/NLP JSON (Cím: Az Európai Bizottság üdvözölte az orosz diplo)
[355/1187] Letöltés (ID 1189 | Vadhajtasok ): https://www.vadhajtasok.hu/2026/09/07/forsthoffer-kitiltotta-toro...
      [✓] Mentve: 3x MD + Meta/NLP JSON (Cím: Forsthoffer kitiltotta Toroczkai Lászlót a Pa)
[356/1187] Letöltés (ID  984 | Portfolio   ): https://www.portfolio.hu/global/20260908/felbukkant-peking-titokz...
      [✓] Mentve: 3x MD + Meta/NLP JSON (Cím: Felbukkant Peking titokzatos lopakodó bombázó)
[357/1187] Letöltés (ID  355 | Nepszava    ): https://nepszava.hu/3332306_premier-league-3-fordulo-liverpol-ips...
      [✓] Mentve: 3x MD + Meta/NLP JSON (Cím: Korai gólokkal fektette két vállra a Liverpoo)
[358/1187] Letöltés (ID  210 | Origo       ): https://www.origo.hu/teve/2026/09/megasztar-erotika-szerelem...
      [✓] Mentve: 3x MD + Meta/NLP JSON (Cím: Fotókon a Megasztár idei évadának legpikánsab)
[359/1187] Letöltés (ID  641 | 24.hu       ): https://ng.24.hu/fold/2026/09/09/500-eve-szunnyado-vulkan-kamcsat...
      [✓] Mentve: 3x MD + Meta/NLP JSON (Cím: 500 éve szunnyadó vulkán ébredt fel a kamcsat)
[360/1187] Letöltés (ID  746 | Blikk       ): https://www.kiskegyed.hu/most-tortenik/fidesz-frakciovezetoje-mag...
      [✓] Mentve: 3x MD + Meta/NLP JSON (Cím: Minden a Fidesz frakcióvezetőjének arcára van)
[361/1187] Letöltés (ID  885 | Blikk       ): https://www.glamour.hu/eletmod/osz-unnep-mabon-tortenet/0shvb1m...
      [✓] Mentve: 3x MD + Meta/NLP JSON (Cím: Kevesen ismerik ezt az őszi ünnepet, pedig gy)
[362/1187] Letöltés (ID 1228 | Vadhajtasok ): https://www.vadhajtasok.hu/2026/09/06/verszegeny-poszttal-jelentk...
      [✓] Mentve: 3x MD + Meta/NLP JSON (Cím: Vérszegény poszttal jelentkeztek Magyar Péter)
[363/1187] Letöltés (ID  991 | Portfolio   ): https://www.portfolio.hu/gazdasag/20260906/az-elegtelen-termekeny...
      [✓] Mentve: 3x MD + Meta/NLP JSON (Cím: Az elégtelen termékenység hatása az életszínv)
[364/1187] Letöltés (ID  147 | Origo       ): https://www.origo.hu/eletmod/2026/09/regi-szakmak-kviz...
      [✓] Mentve: 3x MD + Meta/NLP JSON (Cím: Régi szakmák: tudod, melyik mester mivel fogl)
[365/1187] Letöltés (ID  424 | 24.hu       ): https://24.hu/belfold/2026/09/08/pisa-meres-eredmenyek-lannert-ju...
      [✓] Mentve: 3x MD + Meta/NLP JSON (Cím: Mindenben átlag alatt teljesítettek a magyar )
[366/1187] Letöltés (ID  397 | Nepszava    ): https://nepszava.hu/3332505_orban-viktor-fidesz-gazdasag-adosrabs...
      [✓] Mentve: 3x MD + Meta/NLP JSON (Cím: Orbán Viktor: Újra láthatáron az adósrabszolg)
[367/1187] Letöltés (ID   63 | Origo       ): https://www.origo.hu/teve/2026/09/sztarban-sztar-komonyi-zsuzsi-t...
      [✓] Mentve: 3x MD + Meta/NLP JSON (Cím: Sztárban Sztár: Komonyi Zsuzsi úgy érzi, most)
[368/1187] Letöltés (ID  890 | Blikk       ): https://www.blikk.hu/aktualis/kulfold/arviz-japan-nagoya-riasztas...
      [✓] Mentve: 3x MD + Meta/NLP JSON (Cím: 136 éve nem látott csapadékmennyiség hullott )
[369/1187] Letöltés (ID  489 | 24.hu       ): https://24.hu/kultura/2026/09/07/csaszar-attila-kozteve-riporter-...
      [✓] Mentve: 3x MD + Meta/NLP JSON (Cím: A KDNP kommunikációs stábjában kapott munkát )
[370/1187] Letöltés (ID 1215 | Vadhajtasok ): https://www.vadhajtasok.hu/2026/09/07/mosolyogva-erkezett-a-budap...
      [✓] Mentve: 3x MD + Meta/NLP JSON (Cím: Mosolyogva érkezett a budapesti AI Summitra V)
[371/1187] Letöltés (ID  335 | Nepszava    ): https://nepszava.hu/3332412_xiii-lerulet-rakosrendezo-bontas-toth...
      [✓] Mentve: 3x MD + Meta/NLP JSON (Cím: Bontják a rákosrendezői épületeket)
[372/1187] Letöltés (ID 1022 | Portfolio   ): https://www.portfolio.hu/bank/20260904/rajna-gabor-raiffeisen-ban...
      [✓] Mentve: 3x MD + Meta/NLP JSON (Cím: Rajna Gábor, Raiffeisen Bank: nem azért kell )
[373/1187] Letöltés (ID  344 | Nepszava    ): https://nepszava.hu/3332329_us-open-marozsan-fabian-bondar-anna...
      [✓] Mentve: 3x MD + Meta/NLP JSON (Cím: US Open: Marozsán párosban is búcsúzott, Bond)
[374/1187] Letöltés (ID  535 | 24.hu       ): https://24.hu/kulfold/2026/09/07/lavina-kaukazus-halalos...
      [✓] Mentve: 3x MD + Meta/NLP JSON (Cím: Tizenegy hegymászó vesztette életét egy hatal)
[375/1187] Letöltés (ID  780 | Blikk       ): https://www.blikk.hu/aktualis/belfold/emberoles-erzsebetvarosi-gy...
      [✓] Mentve: 3x MD + Meta/NLP JSON (Cím: Szökésben az erzsébetvárosi gyilkos, ezt a ho)
[376/1187] Letöltés (ID 1220 | Vadhajtasok ): https://www.vadhajtasok.hu/2026/08/27/hagyomanyteremto-megemlekez...
      [✓] Mentve: 3x MD + Meta/NLP JSON (Cím: Hagyományteremtő megemlékezés az Észak-Erdély)
[377/1187] Letöltés (ID   95 | Origo       ): https://www.origo.hu/itthon/2026/09/eso-hidegfront-idojaras-elore...
      [✓] Mentve: 3x MD + Meta/NLP JSON (Cím: Eső és hidegfront érkezik, szerdán még kániku)
[378/1187] Letöltés (ID 1039 | Portfolio   ): https://www.portfolio.hu/gazdasag/20260908/almok-es-valosag-hol-a...
      [✓] Mentve: 3x MD + Meta/NLP JSON (Cím: Álmok és valóság: hol akarnak és hol tudnak d)
[379/1187] Letöltés (ID  793 | Blikk       ): https://www.blikk.hu/gazdasag/penz/mvm-tarifa-aram-villany-energi...
      [✓] Mentve: 3x MD + Meta/NLP JSON (Cím: Veszélyes csapda lehet az MVM új áramtarifája)
[380/1187] Letöltés (ID 1201 | Vadhajtasok ): https://www.vadhajtasok.hu/2026/09/07/reagalt-a-waberers-kapitany...
      [✓] Mentve: 3x MD + Meta/NLP JSON (Cím: Reagált a Waberer's Kapitány István feljelent)
[381/1187] Letöltés (ID  313 | Nepszava    ): https://nepszava.hu/3332409_hegedus-zsolt-covid-beszerzesek-egesz...
      [✓] Mentve: 3x MD + Meta/NLP JSON (Cím: A Covid-időszak beszerzéseiről vár dokumentum)
[382/1187] Letöltés (ID  622 | 24.hu       ): https://24.hu/kulfold/2026/09/08/andrzej-poczobut-hazalatogat...
      [✓] Mentve: 3x MD + Meta/NLP JSON (Cím: Visszatért Belaruszba az újságíró, akit nyolc)
[383/1187] Letöltés (ID  191 | Origo       ): https://www.origo.hu/kulpol/2026/09/iran-hormuzi-szoros-olajar-sz...
      [✓] Mentve: 3x MD + Meta/NLP JSON (Cím: Irán kitart ameddig kell, a Hútik Szaúd)
[384/1187] Letöltés (ID 1031 | Portfolio   ): https://www.agrarszektor.hu/noveny/20260908/keszulhetunk-az-impor...
      [✓] Mentve: 3x MD + Meta/NLP JSON (Cím: Készülhetünk az import kukorica beáramlására:)
[385/1187] Letöltés (ID  332 | Nepszava    ): https://nepszava.hu/3332386_unios-forrasok-magyarorszag-jogallami...
      [✓] Mentve: 3x MD + Meta/NLP JSON (Cím: Miniszterelnökség: További 2300 milliárd fori)
[386/1187] Letöltés (ID 1229 | Vadhajtasok ): https://www.vadhajtasok.hu/2026/09/01/unger-anna-kemeny-uzenetet-...
      [✓] Mentve: 3x MD + Meta/NLP JSON (Cím: Unger Anna kemény üzenetet küldött: vége mind)
[387/1187] Letöltés (ID  208 | Origo       ): https://www.origo.hu/teve/2026/09/jennifer-aniston-gyerek-szerele...
      [✓] Mentve: 3x MD + Meta/NLP JSON (Cím: Jennifer Aniston és párja nem vállal közös gy)
[388/1187] Letöltés (ID  896 | Blikk       ): https://blikkruzs.blikk.hu/sztarhirek/valas-hazassag-dammak-jazmi...
      [✓] Mentve: 3x MD + Meta/NLP JSON (Cím: Közel húsz év után elválik Dammak Jázmin és H)
[389/1187] Letöltés (ID  497 | 24.hu       ): https://24.hu/kultura/2026/09/03/kviz-felelem-fobia...
      [✓] Mentve: 3x MD + Meta/NLP JSON (Cím: Itt a nagy fóbiakvíz: kitalálod, milyen félel)
[390/1187] Letöltés (ID 1049 | Portfolio   ): https://www.portfolio.hu/gazdasag/20260908/propagandara-ment-a-sz...
      [✓] Mentve: 3x MD + Meta/NLP JSON (Cím: Propagandára ment a Szuverenitásvédelmi Hivat)
[391/1187] Letöltés (ID   37 | Origo       ): https://www.origo.hu/kek-hirek/2026/09/drog-budapest-parkok-koban...
      [✓] Mentve: 3x MD + Meta/NLP JSON (Cím: Otthonában és parkokban is árulta a drogot a )
[392/1187] Letöltés (ID  545 | 24.hu       ): https://firstclass.hu/style/2026/09/07/gombaruhak-tarolhatjak-le-...
      [✓] Mentve: 3x MD + Meta/NLP JSON (Cím: Gombaruhák tarolhatják le a divat világát)
[393/1187] Letöltés (ID 1218 | Vadhajtasok ): https://www.vadhajtasok.hu/2026/09/05/vadaszbombazo-zuhant-le-ath...
      [✓] Mentve: 3x MD + Meta/NLP JSON (Cím: Vadászbombázó zuhant le Athén közelében egy l)
[394/1187] Letöltés (ID  363 | Nepszava    ): https://nepszava.hu/3332460_audi-wkw-hungaria-jarmuipar-alkatresz...
      [✓] Mentve: 3x MD + Meta/NLP JSON (Cím: Év végén bezár az Audi egyik győri beszállító)
[395/1187] Letöltés (ID  963 | Portfolio   ): https://www.portfolio.hu/gazdasag/20260907/veszelyes-jatekba-kezd...
      [✓] Mentve: 3x MD + Meta/NLP JSON (Cím: Veszélyes játékba kezdett a dollárral Trump k)
[396/1187] Letöltés (ID  772 | Blikk       ): https://blikkruzs.blikk.hu/sztarhirek/ordog-nora-45-szuletesnap-e...
      [✓] Mentve: 3x MD + Meta/NLP JSON (Cím: Hihetetlen, de ezt is megtette Ördög Nóra: a )
[397/1187] Letöltés (ID  827 | Blikk       ): https://www.glamour.hu/sztarok/hailey-bieber-justin-bieber-csok-c...
      [✓] Mentve: 3x MD + Meta/NLP JSON (Cím: Hailey és Justin Bieber csókolózós címlapjáná)
[398/1187] Letöltés (ID  591 | 24.hu       ): https://24.hu/sport/foci/2026/09/08/bajnokok-ligaja-real-madrid-j...
      [✓] Mentve: 3x MD + Meta/NLP JSON (Cím: „Már nem foglalkozom a múlttal” – Mourinho vá)
[399/1187] Letöltés (ID  913 | Portfolio   ): https://www.portfolio.hu/global/20260908/sulyos-botrany-robbant-k...
      [✓] Mentve: 3x MD + Meta/NLP JSON (Cím: Súlyos botrány robbant ki Izraelben: történel)
[400/1187] Letöltés (ID  160 | Origo       ): https://www.origo.hu/nagyvilag/2026/09/nepal-termeszeti-katasztro...
      [✓] Mentve: 3x MD + Meta/NLP JSON (Cím: Nepáli áradás:121 ember rekedhetett a betemet)
[401/1187] Letöltés (ID  418 | Nepszava    ): https://nepszava.hu/3332480_magyar-posta-csomagkuldemenyek-fennak...
      [✓] Mentve: 3x MD + Meta/NLP JSON (Cím: Jelentős csomagtorlódás alakult ki a Magyar P)
[402/1187] Letöltés (ID 1249 | Vadhajtasok ): https://www.vadhajtasok.hu/2026/09/09/arad-a-tisza-putyin-embere-...
      [✓] Mentve: 3x MD + Meta/NLP JSON (Cím: Árad a Tisza: Putyin embere már a gázszállítá)
[403/1187] Letöltés (ID  621 | 24.hu       ): https://24.hu/belfold/2026/09/08/nka-botrany-fasy-zsuliett-dokume...
      [✓] Mentve: 3x MD + Meta/NLP JSON (Cím: Telex: A Fásy családhoz köthető dokumentumfil)
[404/1187] Letöltés (ID  989 | Portfolio   ): https://www.portfolio.hu/ingatlan/20260906/valsagok-idejen-igy-la...
      [✓] Mentve: 3x MD + Meta/NLP JSON (Cím: Válságok idején: így lassult le a magyar váro)
[405/1187] Letöltés (ID  148 | Origo       ): https://www.origo.hu/techbazis/2026/09/tavalyi-iphone-ara-iden...
      [✓] Mentve: 3x MD + Meta/NLP JSON (Cím: A tavalyi iPhone olcsóbb lesz az idei megérke)
[406/1187] Letöltés (ID  692 | Blikk       ): https://www.blikk.hu/gazdasag/bulgaria-csod-robinson-tours-karter...
      [✓] Mentve: 3x MD + Meta/NLP JSON (Cím: Ráfaraghatnak a Robinson Tours károsultjai, s)
[407/1187] Letöltés (ID  333 | Nepszava    ): https://nepszava.hu/3332382_szijjarto-peter-covid-19-gyorstesztek...
      [✓] Mentve: 3x MD + Meta/NLP JSON (Cím: A Szijjártó Péter vezette külügy a Covid-tesz)
[408/1187] Letöltés (ID 1213 | Vadhajtasok ): https://www.vadhajtasok.hu/2026/09/05/svedorszag-a-brexit-ota-458...
      [✓] Mentve: 3x MD + Meta/NLP JSON (Cím: Svédország a Brexit óta 458 brit állampolgár )
[409/1187] Letöltés (ID  273 | Nepszava    ): https://nepszava.hu/3332437_eiffel-torony-nok-turistacsoport-sztr...
      [✓] Mentve: 3x MD + Meta/NLP JSON (Cím: Egy turistacsoport nem akart dolgozó nőt látn)
[410/1187] Letöltés (ID  459 | 24.hu       ): https://24.hu/kulfold/2026/09/07/a-kreml-nem-zarja-ki-hogy-ujrain...
      [✓] Mentve: 3x MD + Meta/NLP JSON (Cím: A Kreml nem zárja ki, hogy újraindulnak az or)
[411/1187] Letöltés (ID  833 | Blikk       ): https://www.blikk.hu/sztarvilag/hazai-sztarok/muri-eniko-evita-ma...
      [✓] Mentve: 3x MD + Meta/NLP JSON (Cím: Érzelmes pillanatok vártak Muri Enikőre az Ev)
[412/1187] Letöltés (ID 1066 | Portfolio   ): https://www.portfolio.hu/global/20260908/nem-kertelt-moszkva-vesz...
      [✓] Mentve: 3x MD + Meta/NLP JSON (Cím: Nem kertelt Moszkva: veszélyes időket élünk, )
[413/1187] Letöltés (ID   19 | Origo       ): https://www.origo.hu/kek-hirek/2026/09/nagykanizsa-emberoles-kese...
      [✓] Mentve: 3x MD + Meta/NLP JSON (Cím: Nagykanizsai emberölés: 19 centis késsel szúr)
[414/1187] Letöltés (ID  965 | Portfolio   ): https://www.portfolio.hu/global/20260907/bejelentette-zelenszkij-...
      [✓] Mentve: 3x MD + Meta/NLP JSON (Cím: Bejelentette Zelenszkij: új békejavaslat szül)
[415/1187] Letöltés (ID   47 | Origo       ): https://www.origo.hu/itthon/2026/09/tuz-kutya-mentes-ego-haz-somo...
      [✓] Mentve: 3x MD + Meta/NLP JSON (Cím: Kiskutyát mentettek az égő házból a tűzoltók )
[416/1187] Letöltés (ID  498 | 24.hu       ): https://24.hu/kultura/2026/09/03/etelek-sutemenyek-fantazianevek-...
      [✓] Mentve: 3x MD + Meta/NLP JSON (Cím: Kvíz: milyen ételt takar a fantázianév?)
[417/1187] Letöltés (ID  810 | Blikk       ): https://www.blikk.hu/auto/kod-jogositvany-birsag-reszletek/70zr3l...
      [✓] Mentve: 3x MD + Meta/NLP JSON (Cím: Egyetlen apró kód a jogosítványban, súlyos bí)
[418/1187] Letöltés (ID  365 | Nepszava    ): https://nepszava.hu/3332405_indul-a-valasztasi-kampany-izraelben...
      [✓] Mentve: 3x MD + Meta/NLP JSON (Cím: Izraelben indul a választási kampány, Benjami)
[419/1187] Letöltés (ID 1092 | Portfolio   ): https://www.penzcentrum.hu/vilag/20260908/nagyon-fontos-uzenetet-...
      [✓] Mentve: 3x MD + Meta/NLP JSON (Cím: Nagyon fontos üzenetet küldött Zelenszkij Don)
[420/1187] Letöltés (ID  474 | 24.hu       ): https://24.hu/kulfold/2026/09/07/orosz-hibrid-akciok-magyarorszag...
      [✓] Mentve: 3x MD + Meta/NLP JSON (Cím: Szintet lépett az orosz hibrid háború, szakér)
[421/1187] Letöltés (ID  808 | Blikk       ): https://www.blikk.hu/auto/dacia-spring-uj-elektromos-auto-olcso/x...
      [✓] Mentve: 3x MD + Meta/NLP JSON (Cím: Ennyiért már önnek is lehet elektromos autója)
[422/1187] Letöltés (ID  284 | Nepszava    ): https://nepszava.hu/3332430_upor-laszlo-szinhaz-es-filmmuveszeti-...
      [✓] Mentve: 3x MD + Meta/NLP JSON (Cím: Upor László az SZFE-ről: Ne legyen 2020 2.0, )
[423/1187] Letöltés (ID  249 | Origo       ): https://www.origo.hu/sport/sport-futball/2026/09/erling-haaland-m...
      [✓] Mentve: 3x MD + Meta/NLP JSON (Cím: Erling Haaland megbánta a változást, visszasí)
[424/1187] Letöltés (ID  961 | Portfolio   ): https://www.portfolio.hu/podcast/20260907/ez-mar-a-szelsojobb-att...
      [✓] Mentve: 3x MD + Meta/NLP JSON (Cím: Ez már a szélsőjobb áttörése? Ismét az AfD-tő)
[425/1187] Letöltés (ID  688 | Blikk       ): https://www.blikk.hu/eletmod/tippek/penesz-eltuntetese-furdoszoba...
      [✓] Mentve: 3x MD + Meta/NLP JSON (Cím: Így szabaduljon meg a penésztől a fürdőben eg)
[426/1187] Letöltés (ID  266 | Origo       ): https://www.origo.hu/tudomany/2026/09/tularemia-ozzel-utkozott-fe...
      [✓] Mentve: 3x MD + Meta/NLP JSON (Cím: Tularémia: őzzel ütközött egy férfi, napokkal)
[427/1187] Letöltés (ID  524 | 24.hu       ): https://24.hu/tech/2026/09/05/ifa-2026-segway-navimow-h510-pro-ro...
      [✓] Mentve: 3x MD + Meta/NLP JSON (Cím: Ez a robotfűnyíró mechanikus kart kapott, hog)
[428/1187] Letöltés (ID  417 | Nepszava    ): https://nepszava.hu/3332481_gondosora-hatosagi-ellenorzes-nemzeti...
      [✓] Mentve: 3x MD + Meta/NLP JSON (Cím: Hatósági ellenőrzést indított az adatvédelmi )
[429/1187] Letöltés (ID  628 | 24.hu       ): https://24.hu/sport/foci/2026/09/09/bajnokok-ligaja-statisztika-r...
      [✓] Mentve: 3x MD + Meta/NLP JSON (Cím: Nem akadt még olyan játékos a BL-ben, mint a )
[430/1187] Letöltés (ID  106 | Origo       ): https://www.origo.hu/sport/sport-futball/2026/09/varga-barnabas-a...
      [✓] Mentve: 3x MD + Meta/NLP JSON (Cím: Varga Barnabás ontja a gólokat, mégsem biztos)
[431/1187] Letöltés (ID  770 | Blikk       ): https://www.kiskegyed.hu/most-tortenik/kapitany-istvan-uzemanyaga...
      [✓] Mentve: 3x MD + Meta/NLP JSON (Cím: Megtörte a csendet Kapitány István az elszáll)
[432/1187] Letöltés (ID  302 | Nepszava    ): https://nepszava.hu/3328185_nemeth-peter-olvasoinkhoz...
      [✓] Mentve: 3x MD + Meta/NLP JSON (Cím: Németh Péter: Olvasóinkhoz)
[433/1187] Letöltés (ID 1136 | Portfolio   ): https://www.portfolio.hu/gazdasag/20260908/beszantja-a-kormany-a-...
      [✓] Mentve: 3x MD + Meta/NLP JSON (Cím: Beszántja a kormány a megyei önkormányzatokat)
[434/1187] Letöltés (ID  122 | Origo       ): https://www.origo.hu/techbazis/2026/09/olasz-nyelvtanulas-ai-onli...
      [✓] Mentve: 3x MD + Meta/NLP JSON (Cím: Olasz nyelvtanulás önállóan: 8 pontos AI tanu)
[435/1187] Letöltés (ID  279 | Nepszava    ): https://nepszava.hu/3332384_katolikus-egyhaz-tisza-part-fidesz-sz...
      [✓] Mentve: 3x MD + Meta/NLP JSON (Cím: Új keletű hízelgés)
[436/1187] Letöltés (ID  789 | Blikk       ): https://www.blikk.hu/sztarvilag/hazai-sztarok/ratonyi-kriszta-elj...
      [✓] Mentve: 3x MD + Meta/NLP JSON (Cím: Eljegyezték Rátonyi Krisztát, szerelmes fotóv)
[437/1187] Letöltés (ID  612 | 24.hu       ): https://24.hu/fn/gazdasag/2026/09/09/tuz-hektar-hortobagy...
      [✓] Mentve: 3x MD + Meta/NLP JSON (Cím: Ötven hektáron lángolt a Hortobágyi Nemzeti P)
[438/1187] Letöltés (ID 1075 | Portfolio   ): https://www.portfolio.hu/global/20260908/egy-lepessel-kozelebb-a-...
      [✓] Mentve: 3x MD + Meta/NLP JSON (Cím: Egy lépéssel közelebb a békéhez? Több "tiszte)
[439/1187] Letöltés (ID  163 | Origo       ): https://www.origo.hu/kek-hirek/2026/09/tuz-tuzolto-felsozsolca-fu...
      [✓] Mentve: 3x MD + Meta/NLP JSON (Cím: Rohantak a tűzoltók: hatalmas fekete füst szá)
[440/1187] Letöltés (ID  979 | Portfolio   ): https://www.portfolio.hu/global/20260907/bejelentette-amerika-elj...
      [✓] Mentve: 3x MD + Meta/NLP JSON (Cím: Bejelentette Amerika: eljött az áttörés, foly)
[441/1187] Letöltés (ID  325 | Nepszava    ): https://nepszava.hu/3332402_lannert-judit-csepel-farkas-bertalan-...
      [✓] Mentve: 3x MD + Meta/NLP JSON (Cím: Lannert Judit visszavonta a csepeli Farkas Be)
[442/1187] Letöltés (ID  706 | Blikk       ): https://www.blikk.hu/sport/forma-1/bernie-ecclestone-forma-1-port...
      [✓] Mentve: 3x MD + Meta/NLP JSON (Cím: Óriási balhé, elfogták a rendőrök a reptéren )
[443/1187] Letöltés (ID  478 | 24.hu       ): https://24.hu/belfold/2026/09/06/ipsos-klimavaltozas-aszaly-paks-...
      [✓] Mentve: 3x MD + Meta/NLP JSON (Cím: Kilőtt a klímapánik Magyarországon: egy hónap)
[444/1187] Letöltés (ID  499 | 24.hu       ): https://24.hu/kultura/2026/09/02/underground-zene-szorakozohely-b...
      [✓] Mentve: 3x MD + Meta/NLP JSON (Cím: Az Almássy tértől a Golgota utcáig: felismere)
[445/1187] Letöltés (ID  395 | Nepszava    ): https://nepszava.hu/3332492_admand-duplantis-budapest-vilagdonto-...
      [✓] Mentve: 3x MD + Meta/NLP JSON (Cím: Duplantis háta rendbe jött, részt vesz a buda)
[446/1187] Letöltés (ID  242 | Origo       ): https://www.origo.hu/nagyvilag/2026/09/patkanyt-talalt-eteleben-e...
      [✓] Mentve: 3x MD + Meta/NLP JSON (Cím: Gyomorforgató látvány: élő, újszülött patkány)
[447/1187] Letöltés (ID  811 | Blikk       ): https://www.blikk.hu/ferfiaknak/tech/openai-veszely-figyelmeztete...
      [✓] Mentve: 3x MD + Meta/NLP JSON (Cím: Becsaphatja és zsarolhatja az embereket az AI)
[448/1187] Letöltés (ID 1082 | Portfolio   ): https://www.portfolio.hu/befektetes/20260908/reg-nem-latott-sebes...
      [✓] Mentve: 3x MD + Meta/NLP JSON (Cím: Rég nem látott sebességgel hasítanak a világ )
[449/1187] Letöltés (ID  865 | Blikk       ): https://www.egeszsegkalauz.hu/kutatas/orvostudomanyi-kutatasok/sz...
      [✓] Mentve: 3x MD + Meta/NLP JSON (Cím: Szemcsepp adhat új esélyt a látásnak? A kutat)
[450/1187] Letöltés (ID  923 | Portfolio   ): https://www.portfolio.hu/global/20260904/szabalyosan-szetverte-ir...
      [✓] Mentve: 3x MD + Meta/NLP JSON (Cím: Szabályosan szétverte Irán az amerikai Reaper)
[451/1187] Letöltés (ID  287 | Nepszava    ): https://nepszava.hu/3332431_orban-anita-ukrajna-kisebbseg...
      [✓] Mentve: 3x MD + Meta/NLP JSON (Cím: Orbán Anita: Ukrajna megkezdte a kisebbségi j)
[452/1187] Letöltés (ID  540 | 24.hu       ): https://sokszinuvidek.24.hu/mozaik/2026/09/07/hozzatartozo-vilagh...
      [✓] Mentve: 3x MD + Meta/NLP JSON (Cím: Megtalált karikagyűrű alapján keresik a világ)
[453/1187] Letöltés (ID  226 | Origo       ): https://www.origo.hu/tudomany/2026/09/agykod-koncentralas-memoria...
      [✓] Mentve: 3x MD + Meta/NLP JSON (Cím: Nehezen megy a koncentrálás és folyton elfele)
[454/1187] Letöltés (ID   78 | Origo       ): https://www.origo.hu/sport/sport-futball/2026/09/fradi-ujpest-kub...
      [✓] Mentve: 3x MD + Meta/NLP JSON (Cím: Újpest: Kubatov Gábor jó és rossz hírt is köz)
[455/1187] Letöltés (ID  972 | Portfolio   ): https://www.portfolio.hu/gazdasag/20260217/igy-akarja-donald-trum...
      [✓] Mentve: 3x MD + Meta/NLP JSON (Cím: Így akarja Donald Trump bebikázni a gazdaságo)
[456/1187] Letöltés (ID  560 | 24.hu       ): https://www.noklapja.hu/aktualis/2026/09/07/sophia-loren-carlo-po...
      [✓] Mentve: 3x MD + Meta/NLP JSON (Cím: Sophia Loren és Carlo Ponti különleges szerel)
[457/1187] Letöltés (ID  815 | Blikk       ): https://www.blikk.hu/ferfiaknak/tech/kapu-tibor-ai-summit-urutaza...
      [✓] Mentve: 3x MD + Meta/NLP JSON (Cím: Humanoid robotokkal a Marsra: Kapu Tibor a jö)
[458/1187] Letöltés (ID  285 | Nepszava    ): https://nepszava.hu/3332427_budapest-csod-busz-arrivabus-karacson...
      [✓] Mentve: 3x MD + Meta/NLP JSON (Cím: Újabb csődelkerülő lépésre kényszerült a fővá)
[459/1187] Letöltés (ID  888 | Blikk       ): https://www.glamour.hu/eletmod/bundics-bernadett-tancos-new-york-...
      [✓] Mentve: 3x MD + Meta/NLP JSON (Cím: Ösztöndíj nélkül, saját pénzéből jutott el a )
[460/1187] Letöltés (ID  525 | 24.hu       ): https://24.hu/tech/2026/09/04/otp-leallas-karbantartas-szeptember...
      [✓] Mentve: 3x MD + Meta/NLP JSON (Cím: Egy teljes napig elérhetetlen lesz az OTP egy)
[461/1187] Letöltés (ID  223 | Origo       ): https://www.origo.hu/sport/sport-futball/2026/09/gulacsi-villarre...
      [✓] Mentve: 3x MD + Meta/NLP JSON (Cím: Gulácsi bemutatkozott, a Real Madrid győzelem)
[462/1187] Letöltés (ID  286 | Nepszava    ): https://nepszava.hu/3332408_gyermekvedelem-szakellatas-szervezeti...
      [✓] Mentve: 3x MD + Meta/NLP JSON (Cím: Januártól változik a gyermekvédelmi szakellát)
[463/1187] Letöltés (ID 1132 | Portfolio   ): https://www.portfolio.hu/uzlet/20260909/varatlan-fordulat-a-legi-...
      [✓] Mentve: 3x MD + Meta/NLP JSON (Cím: Váratlan fordulat a légi közlekedésben: a szu)
[464/1187] Letöltés (ID 1036 | Portfolio   ): https://www.portfolio.hu/gazdasag/20260908/hatalmasat-hazardirozi...
      [✓] Mentve: 3x MD + Meta/NLP JSON (Cím: Hatalmasat hazardírozik az USA az államadóssá)
[465/1187] Letöltés (ID  298 | Nepszava    ): https://nepszava.hu/3328146_megtortenik-ami-az-elmult-180-evben-e...
      [✓] Mentve: 3x MD + Meta/NLP JSON (Cím: Megtörténik, ami az elmúlt 180 évben elképzel)
[466/1187] Letöltés (ID  514 | 24.hu       ): https://24.hu/sport/2026/08/31/atletika-maratonfutas-vindics-toth...
      [✓] Mentve: 3x MD + Meta/NLP JSON (Cím: Vindics-Tóth Lili: A végén már úgy álltam oda)
[467/1187] Letöltés (ID  257 | Origo       ): https://www.origo.hu/itthon/2026/09/gyomroi-menzamaffia-buncselek...
      [✓] Mentve: 3x MD + Meta/NLP JSON (Cím: Gyömrői menzamaffia: már bűncselekmény miatt )
[468/1187] Letöltés (ID  672 | Blikk       ): https://www.blikk.hu/politika/magyar-politika/unger-anna-interju-...
      [✓] Mentve: 3x MD + Meta/NLP JSON (Cím: Unger Anna elárulta, hogyan védekezik az alan)
[469/1187] Letöltés (ID  657 | 24.hu       ): https://www.vezess.hu/ujauto-teszt/2026/09/09/a-geely-e2-teszt...
      [✓] Mentve: 3x MD + Meta/NLP JSON (Cím: Ilyen a világ legsikeresebb kisautója)
[470/1187] Letöltés (ID  156 | Origo       ): https://www.origo.hu/nagyvilag/2026/09/emmanuel-macron-kiskoruak-...
      [✓] Mentve: 3x MD + Meta/NLP JSON (Cím: Levelet írt Emmanuel Macron az Európai Bizott)
[471/1187] Letöltés (ID  350 | Nepszava    ): https://nepszava.hu/3332288_nbi-ujpest-ferencvaros-derbi-nbi...
      [✓] Mentve: 3x MD + Meta/NLP JSON (Cím: Megelőzheti a Ferencváros az Újpestet)
[472/1187] Letöltés (ID  675 | Blikk       ): https://www.blikk.hu/ferfiaknak/tech/ai-summit-budapest/n87b752...
      [✓] Mentve: 3x MD + Meta/NLP JSON (Cím: AI SUMMIT Budapest: fókuszban a gyakorlati al)
[473/1187] Letöltés (ID  908 | Portfolio   ): https://www.portfolio.hu/deviza/20260908/megjott-a-friss-inflacio...
      [✓] Mentve: 3x MD + Meta/NLP JSON (Cím: Hiába a közel 100 dolláros olajár, visszajött)
[474/1187] Letöltés (ID 1000 | Portfolio   ): https://www.portfolio.hu/global/20260907/tortenelmi-vereseg-razta...
      [✓] Mentve: 3x MD + Meta/NLP JSON (Cím: Történelmi vereség rázta meg Európa vezető ha)
[475/1187] Letöltés (ID  803 | Blikk       ): https://www.egeszsegkalauz.hu/tunet/orvos-valaszol/vegstadium-rak...
      [✓] Mentve: 3x MD + Meta/NLP JSON (Cím: Édesapámat hazaküldték a kórházból, végstádiu)
[476/1187] Letöltés (ID   14 | Origo       ): https://www.origo.hu/teve/2026/09/csonka-andras-ding-dong-valloma...
      [✓] Mentve: 3x MD + Meta/NLP JSON (Cím: Csonka András nagy vallomása a Ding Dongról: )
[477/1187] Letöltés (ID  546 | 24.hu       ): https://firstclass.hu/magic/2026/09/03/letaglozo-kepet-mutat-a-fu...
      [✓] Mentve: 3x MD + Meta/NLP JSON (Cím: Letaglózó képet mutat a futballról ez a friss)
[478/1187] Letöltés (ID  315 | Nepszava    ): https://nepszava.hu/3332389_europa-unio-tamogatasa-gronlandnak-tr...
      [✓] Mentve: 3x MD + Meta/NLP JSON (Cím: Brüsszel kétszázmillió euróval erősítené Grön)
[479/1187] Letöltés (ID  311 | Nepszava    ): https://nepszava.hu/3332398_rendezvenypiac-ner-lounge-csoport-all...
      [✓] Mentve: 3x MD + Meta/NLP JSON (Cím: Megalománia és elszórt közpénzmilliárdok után)
[480/1187] Letöltés (ID  134 | Origo       ): https://www.origo.hu/teve/2026/09/james-bond-forgatokonyviro-stev...
      [✓] Mentve: 3x MD + Meta/NLP JSON (Cím: Elszólta magát a James Bond film írója: így r)
[481/1187] Letöltés (ID  653 | 24.hu       ): https://sokszinuvidek.24.hu/mozaik/2026/09/08/nagyredei-horgaszto...
      [✓] Mentve: 3x MD + Meta/NLP JSON (Cím: 236 centis, százkilós halszőrnnyel döntöttek )
[482/1187] Letöltés (ID 1089 | Portfolio   ): https://www.penzcentrum.hu/vilag/20260908/veszjoslo-figyelmeztete...
      [✓] Mentve: 3x MD + Meta/NLP JSON (Cím: Vészjósló figyelmeztetést kapott Magyarország)
[483/1187] Letöltés (ID  809 | Blikk       ): https://www.blikk.hu/auto/gyor-audi-gyar-bezaras-valasz/q0n0v33...
      [✓] Mentve: 3x MD + Meta/NLP JSON (Cím: Megszólaltak a győri Audi sorsáról)
[484/1187] Letöltés (ID  658 | 24.hu       ): https://marieclaire.hu/sztarok/2026/09/09/velencei-filmfesztival-...
      [✓] Mentve: 3x MD + Meta/NLP JSON (Cím: Velencei filmfesztivál 2026: Penélope Cruz és)
[485/1187] Letöltés (ID  166 | Origo       ): https://www.origo.hu/itthon/2026/09/brassoi-sandor-oktatasi-hivat...
      [✓] Mentve: 3x MD + Meta/NLP JSON (Cím: Lemondott az Oktatási Hivatal elnöke, Brassói)
[486/1187] Letöltés (ID 1080 | Portfolio   ): https://www.portfolio.hu/global/20260908/vegveszelyben-az-ukran-v...
      [✓] Mentve: 3x MD + Meta/NLP JSON (Cím: Végveszélyben az ukrán védelem: régóta áhítot)
[487/1187] Letöltés (ID  859 | Blikk       ): https://www.blikk.hu/gazdasag/penz/eurojackpot-nyeremenyek-nyeros...
      [✓] Mentve: 3x MD + Meta/NLP JSON (Cím: Mutatjuk az Eurojackpot pénteki nyerőszámait )
[488/1187] Letöltés (ID  415 | Nepszava    ): https://nepszava.hu/3332487_krasznahorkai-laszlo-nemetorszag-kitu...
      [✓] Mentve: 3x MD + Meta/NLP JSON (Cím: Krasznahorkai László megkapta a legnagyobb né)
[489/1187] Letöltés (ID 1015 | Portfolio   ): https://www.portfolio.hu/ingatlan/20260905/hiaba-a-csillagaszati-...
      [✓] Mentve: 3x MD + Meta/NLP JSON (Cím: Hiába a csillagászati fizetések az Egyesült Á)
[490/1187] Letöltés (ID   31 | Origo       ): https://www.origo.hu/kek-hirek/2026/09/budapest-baleset-tuzoltok-...
      [✓] Mentve: 3x MD + Meta/NLP JSON (Cím: Baleset történt Budapest XI. kerületében, nag)
[491/1187] Letöltés (ID  388 | Nepszava    ): https://nepszava.hu/3332338_gazdasagi-kamarak-kotelezo-kamarai-ta...
      [✓] Mentve: 3x MD + Meta/NLP JSON (Cím: A kamara önkormányzat legyen, ne pöffeszkedő )
[492/1187] Letöltés (ID  428 | 24.hu       ): https://24.hu/fn/gazdasag/2026/09/08/ksh-inflacio-friss-adatok-au...
      [✓] Mentve: 3x MD + Meta/NLP JSON (Cím: Friss inflációs adat: 1,3 százalékkal nőttek )
[493/1187] Letöltés (ID  763 | Blikk       ): https://www.egeszsegkalauz.hu/extra-ajanlo/elektronikus-eszkozok-...
      [✓] Mentve: 3x MD + Meta/NLP JSON (Cím: Olcsó kütyük, súlyos kockázatok: miért veszél)
[494/1187] Letöltés (ID 1146 | Portfolio   ): https://www.portfolio.hu/uzlet/20260908/kiszivargott-elkepeszto-a...
      [✓] Mentve: 3x MD + Meta/NLP JSON (Cím: Kiszivárgott: elképesztő adatközpontot épít E)
[495/1187] Letöltés (ID  733 | Blikk       ): https://www.blikk.hu/ferfiaknak/tech/tonhalak-parazitak-fertozes-...
      [✓] Mentve: 3x MD + Meta/NLP JSON (Cím: A tonhalak 96 százaléka parazita férgekkel fe)
[496/1187] Letöltés (ID  387 | Nepszava    ): https://nepszava.hu/3332340_orosz-ukran-haboru-ukran-nyelv-ukran-...
      [✓] Mentve: 3x MD + Meta/NLP JSON (Cím: A könyvek balsorsa)
[497/1187] Letöltés (ID  442 | 24.hu       ): https://24.hu/fn/gazdasag/2026/09/08/ujabb-csucson-a-hazai-benzin...
      [✓] Mentve: 3x MD + Meta/NLP JSON (Cím: Újabb csúcson a hazai benzinár)
[498/1187] Letöltés (ID  173 | Origo       ): https://www.origo.hu/nagyvilag/2026/09/renoir-mukincsrablas-muzeu...
      [✓] Mentve: 3x MD + Meta/NLP JSON (Cím: Műkincsrablás: 9 millió eurónyi alkotást lopt)
[499/1187] Letöltés (ID  511 | 24.hu       ): https://24.hu/sport/foci/2026/09/07/olasz-foci-serie-a-juventus-a...
      [✓] Mentve: 3x MD + Meta/NLP JSON (Cím: Szupercsere mentett pontot a Juvénak a csúcsr)
[500/1187] Letöltés (ID  730 | Blikk       ): https://www.blikk.hu/auto/autogumik-3-szazalek/7h5fjg0...
      [✓] Mentve: 3x MD + Meta/NLP JSON (Cím: Ezt jelenti a 3 százalékos szabály az autógum)
[501/1187] Letöltés (ID   44 | Origo       ): https://www.origo.hu/sport/sport-futball/2026/09/dardai-pal-szele...
      [✓] Mentve: 3x MD + Meta/NLP JSON (Cím: Így dolgozik együtt Dárdai Pál és Szélesi Zol)
[502/1187] Letöltés (ID  407 | Nepszava    ): https://nepszava.hu/3332484_nemzeti-kulturalis-alap-fasy-csalad-o...
      [✓] Mentve: 3x MD + Meta/NLP JSON (Cím: A Fásy családhoz köthető dokumentumfilm miatt)
[503/1187] Letöltés (ID 1169 | Portfolio   ): https://www.portfolio.hu/ingatlan/20260908/ketsebesseges-zoldules...
      [✓] Mentve: 3x MD + Meta/NLP JSON (Cím: Kétsebességes zöldülés az ingatlanpiacon: ami)
[504/1187] Letöltés (ID  434 | 24.hu       ): https://24.hu/belfold/2026/09/08/tisza-foispan-varmegye-torveny-2...
      [✓] Mentve: 3x MD + Meta/NLP JSON (Cím: Visszaküldik a történelemkönyvekbe a főispáno)
[505/1187] Letöltés (ID  971 | Portfolio   ): https://www.portfolio.hu/gazdasag/20260219/gazdagok-reszkessetek-...
      [✓] Mentve: 3x MD + Meta/NLP JSON (Cím: Gazdagok, reszkessetek! Robin Hood lett az ál)
[506/1187] Letöltés (ID  795 | Blikk       ): https://www.blikk.hu/gazdasag/penz/milliard-kormany-karman-andras...
      [✓] Mentve: 3x MD + Meta/NLP JSON (Cím: 300 milliárdot vág ki a költségvetésből a kor)
[507/1187] Letöltés (ID  310 | Nepszava    ): https://nepszava.hu/3332395_crvena-zvezda-nacionalizmus-veroember...
      [✓] Mentve: 3x MD + Meta/NLP JSON (Cím: Crvena zvezda, nacionalizmus, verőemberek - í)
[508/1187] Letöltés (ID  206 | Origo       ): https://www.origo.hu/filmklub/2026/09/hbo-max-nicolas-cage-film...
      [✓] Mentve: 3x MD + Meta/NLP JSON (Cím: Nicolas Cage legrosszabb filmjét nézik a legt)
[509/1187] Letöltés (ID  469 | 24.hu       ): https://24.hu/sport/forma-1/2026/09/07/forma-1-bernie-ecclestone-...
      [✓] Mentve: 3x MD + Meta/NLP JSON (Cím: Fegyvert találtak a Forma–1 egykori teljhatal)
[510/1187] Letöltés (ID  186 | Origo       ): https://www.origo.hu/teve/2026/09/majka-janicsak-veca-tehetsegkut...
      [✓] Mentve: 3x MD + Meta/NLP JSON (Cím: Nyilvánosan esett egymásnak Janicsák Veca és )
[511/1187] Letöltés (ID  741 | Blikk       ): https://www.blikk.hu/galeria/felmeztelen-paloc-andre-fidesz-budap...
      [✓] Mentve: 3x MD + Meta/NLP JSON (Cím: Félmeztelenül fotóztuk le a fideszes politiku)
[512/1187] Letöltés (ID 1037 | Portfolio   ): https://www.portfolio.hu/gazdasag/20260908/nekimegy-a-kormany-a-d...
      [✓] Mentve: 3x MD + Meta/NLP JSON (Cím: Nekimegy a kormány a dohánykoncesszióknak, de)
[513/1187] Letöltés (ID  281 | Nepszava    ): https://nepszava.hu/3332355_lindsay-clancy-amerika-gyermekgyilkos...
      [✓] Mentve: 3x MD + Meta/NLP JSON (Cím: Beteg vagy bűnös a három gyermekét megfojtó a)
[514/1187] Letöltés (ID  547 | 24.hu       ): https://firstclass.hu/life/2026/09/02/rekordnyeremeny-var-gazdara...
      [✓] Mentve: 3x MD + Meta/NLP JSON (Cím: Rekordnyeremény vár gazdára a legkönnyebb lot)
[515/1187] Letöltés (ID  773 | Blikk       ): https://www.kiskegyed.hu/kepernyo/szineszno-tragedia-hir/03r75cw...
      [✓] Mentve: 3x MD + Meta/NLP JSON (Cím: Elhunyt Erni Mangold, 99 éves volt)
[516/1187] Letöltés (ID  364 | Nepszava    ): https://nepszava.hu/3332453_koltsegvetesi-hiany-unios-tamogatasok...
      [✓] Mentve: 3x MD + Meta/NLP JSON (Cím: Egyelőre vége a Tisza költségvetési csodájána)
[517/1187] Letöltés (ID  228 | Origo       ): https://www.origo.hu/nagyvilag/2026/09/halal-gazolas-gyasz-balese...
      [✓] Mentve: 3x MD + Meta/NLP JSON (Cím: t küldött a tragédia előtt: úgy érezte, követ)
[518/1187] Letöltés (ID 1073 | Portfolio   ): https://www.portfolio.hu/gazdasag/20260908/komoly-feszultseget-ok...
      [✓] Mentve: 3x MD + Meta/NLP JSON (Cím: Komoly feszültséget okozott a magyar kormány )
[519/1187] Letöltés (ID  294 | Nepszava    ): https://nepszava.hu/3332425_papai-gabor-rajzai-szeptember-07-szep...
      [✓] Mentve: 3x MD + Meta/NLP JSON (Cím: Háziállatok)
[520/1187] Letöltés (ID  164 | Origo       ): https://www.origo.hu/eletmod/2026/09/parkapcsolat-bantalmazas-hat...
      [✓] Mentve: 3x MD + Meta/NLP JSON (Cím: Bántalmazó kapcsolat jelei: tesztünkből kider)
[521/1187] Letöltés (ID  870 | Blikk       ): https://www.blikk.hu/sztarvilag/hazai-sztarok/farm-vip-2026-emese...
      [✓] Mentve: 3x MD + Meta/NLP JSON (Cím: Farm VIP: Juli szerint Emese kétszínű, Béci i)
[522/1187] Letöltés (ID  614 | 24.hu       ): https://24.hu/tech/2026/09/08/ifa-2026-ot-kutyu-aminek-tenyleg-la...
      [✓] Mentve: 3x MD + Meta/NLP JSON (Cím: Öt vadonatúj kütyü, aminek tényleg láttam ért)
[523/1187] Letöltés (ID 1141 | Portfolio   ): https://www.portfolio.hu/global/20260908/mindent-elsopro-amerikai...
      [✓] Mentve: 3x MD + Meta/NLP JSON (Cím: Mindent elsöprő amerikai büntetés: teljesen e)
[524/1187] Letöltés (ID  537 | 24.hu       ): https://sokszinuvidek.24.hu/mozaik/2026/09/07/termek-javitas-uj-s...
      [✓] Mentve: 3x MD + Meta/NLP JSON (Cím: Ezt sok vásárló nem tudja: új szabályok jönne)
[525/1187] Letöltés (ID 1062 | Portfolio   ): https://www.portfolio.hu/global/20260908/ugy-tunik-tenyleg-felpor...
      [✓] Mentve: 3x MD + Meta/NLP JSON (Cím: Úgy tűnik, tényleg felpörögnek a béketárgyalá)
[526/1187] Letöltés (ID  696 | Blikk       ): https://www.blikk.hu/aktualis/belfold/ferjberles-hirdetes-poen-un...
      [✓] Mentve: 3x MD + Meta/NLP JSON (Cím: Idős hölgyek kísérésére vállalkoztak viccből )
[527/1187] Letöltés (ID  218 | Origo       ): https://www.origo.hu/itthon/2026/09/miskolc-hidasnemeti-potlobusz...
      [✓] Mentve: 3x MD + Meta/NLP JSON (Cím: Miskolc–Hidasnémeti: két hétig pótlóbuszok já)
[528/1187] Letöltés (ID  274 | Nepszava    ): https://nepszava.hu/3332436_osztrak-torok-kettos-allampolgarral-v...
      [✓] Mentve: 3x MD + Meta/NLP JSON (Cím: Osztrák-török kettős állampolgárral végeztek )
[529/1187] Letöltés (ID  838 | Blikk       ): https://www.blikk.hu/sztarvilag/hazai-sztarok/gesztesi-panka-parj...
      [✓] Mentve: 3x MD + Meta/NLP JSON (Cím: Gesztesi Panka először mutatta meg a titokzat)
[530/1187] Letöltés (ID  157 | Origo       ): https://www.origo.hu/kek-hirek/2026/09/tuz-tombol-egerlovo-kozele...
      [✓] Mentve: 3x MD + Meta/NLP JSON (Cím: Brutális tűz tombol Egerlövő közelében)
[531/1187] Letöltés (ID  271 | Nepszava    ): https://nepszava.hu/3332435_lazar-janos-2013-zurichi-utazas-klaus...
      [✓] Mentve: 3x MD + Meta/NLP JSON (Cím: Fény derült néhány pikáns részletre Lázár Ján)
[532/1187] Letöltés (ID  664 | 24.hu       ): https://www.noklapja.hu/aktualis/2026/09/08/szeptember-11-michael...
      [✓] Mentve: 3x MD + Meta/NLP JSON (Cím: 11 egyik csodája: kutyájával menekült meg a v)
[533/1187] Letöltés (ID  999 | Portfolio   ): https://www.portfolio.hu/gazdasag/20260907/tortenelmi-veszhelyzet...
      [✓] Mentve: 3x MD + Meta/NLP JSON (Cím: Történelmi vészhelyzet: 110 éve nem látott be)
[534/1187] Letöltés (ID  624 | 24.hu       ): https://24.hu/kultura/2026/09/08/berczesi-robert-interju-50-szule...
      [✓] Mentve: 3x MD + Meta/NLP JSON (Cím: Bérczesi Róbert: A függőségemet, ami húsz éve)
[535/1187] Letöltés (ID 1018 | Portfolio   ): https://www.portfolio.hu/uzlet/20260902/uj-novekedesi-szakasz-elo...
      [✓] Mentve: 3x MD + Meta/NLP JSON (Cím: Új növekedési szakasz előtt a Pek-Snack: tová)
[536/1187] Letöltés (ID  750 | Blikk       ): https://www.egeszsegkalauz.hu/tunet/terdfajdalom-oka-lepcsozes-ko...
      [✓] Mentve: 3x MD + Meta/NLP JSON (Cím: Miért fáj a térdem lépcsőzés közben?)
[537/1187] Letöltés (ID  141 | Origo       ): https://www.origo.hu/teve/2026/09/kulcsar-edina-gwm-bucsu-forgata...
      [✓] Mentve: 3x MD + Meta/NLP JSON (Cím: egyedül maradt a gyerekekkel Kulcsár Edina)
[538/1187] Letöltés (ID  420 | Nepszava    ): https://nepszava.hu/3332497_tuz-zuglo-budapest-stefania-ut...
      [✓] Mentve: 3x MD + Meta/NLP JSON (Cím: Több lakásra kiterjedő tűz pusztított Budapes)
[539/1187] Letöltés (ID 1016 | Portfolio   ): https://www.portfolio.hu/ingatlan/20260904/kitiltottak-az-autokat...
      [✓] Mentve: 3x MD + Meta/NLP JSON (Cím: Kitiltották az autókat a forgalmas belvárosi )
[540/1187] Letöltés (ID  601 | 24.hu       ): https://marieclaire.hu/riporter/2026/09/08/jeffrey-epstein-gyerek...
      [✓] Mentve: 3x MD + Meta/NLP JSON (Cím: Jeffrey Epstein gyerekkora: valóban látszott )
[541/1187] Letöltés (ID  699 | Blikk       ): https://www.blikk.hu/aktualis/belfold/gyermekgyilkossag-sumegen-m...
      [✓] Mentve: 3x MD + Meta/NLP JSON (Cím: Magányosan halt meg Sümegen a kisfia szívét k)
[542/1187] Letöltés (ID  414 | Nepszava    ): https://nepszava.hu/3332469_orosz-diplomatak-kiutasitasa-kezdodik...
      [✓] Mentve: 3x MD + Meta/NLP JSON (Cím: Orosz diplomaták kiutasítása: kezdődik a dipl)
[543/1187] Letöltés (ID  101 | Origo       ): https://www.origo.hu/teve/2026/09/megasztar-dallos-bogi-bocsanatk...
      [✓] Mentve: 3x MD + Meta/NLP JSON (Cím: Dallos Bogi megbánta, amit a Megasztár forgat)
[544/1187] Letöltés (ID  403 | Nepszava    ): https://nepszava.hu/3332501_oroszorszag-egyesult-allamok-trump-pu...
      [✓] Mentve: 3x MD + Meta/NLP JSON (Cím: Putyin közölte Trumppal, hogy Oroszországnak )
[545/1187] Letöltés (ID  846 | Blikk       ): https://www.blikk.hu/sztarvilag/hazai-sztarok/balint-antonia-mega...
      [✓] Mentve: 3x MD + Meta/NLP JSON (Cím: Bálint Antónia elárulta, a bénító gyász elől )
[546/1187] Letöltés (ID  254 | Origo       ): https://www.origo.hu/kek-hirek/2026/09/szabolcs-fiatal-jogsis-bal...
      [✓] Mentve: 3x MD + Meta/NLP JSON (Cím: Két autót is letarolt a friss jogsis fiatal S)
[547/1187] Letöltés (ID 1090 | Portfolio   ): https://www.penzcentrum.hu/sport/20260908/visszatert-feczko-tamas...
      [✓] Mentve: 3x MD + Meta/NLP JSON (Cím: Visszatért Feczkó Tamás Diósgyőrbe: megmenthe)
[548/1187] Letöltés (ID  480 | 24.hu       ): https://24.hu/fn/gazdasag/2026/09/07/hatosagi-uzemanyagar-fidesz-...
      [✓] Mentve: 3x MD + Meta/NLP JSON (Cím: Visszahozná a hatósági üzemanyagárat a Fidesz)
[549/1187] Letöltés (ID  140 | Origo       ): https://www.origo.hu/nagyvilag/2026/09/uttest-kisgyermek-szuperma...
      [✓] Mentve: 3x MD + Meta/NLP JSON (Cím: Nem sokon múlt a tragédia: a forgalmas úttest)
[550/1187] Letöltés (ID 1038 | Portfolio   ): https://www.portfolio.hu/bank/20260908/szep-lassan-keszul-az-uj-k...
      [✓] Mentve: 3x MD + Meta/NLP JSON (Cím: Szép lassan készül az új klímatörvény, miközb)
[551/1187] Letöltés (ID  771 | Blikk       ): https://blikkruzs.blikk.hu/ezoteria/szemelyisegteszt-valassz-fat-...
      [✓] Mentve: 3x MD + Meta/NLP JSON (Cím: Válassz egy fát és tudd meg, mit árul el a sz)
[552/1187] Letöltés (ID  406 | Nepszava    ): https://nepszava.hu/3332489_szabalyozott-tevekenysegek-felugyelet...
      [✓] Mentve: 3x MD + Meta/NLP JSON (Cím: Elvennék a koncessziós feladatokat a Szabályo)
[553/1187] Letöltés (ID  660 | 24.hu       ): https://marieclaire.hu/sztarok/2026/09/09/harry-herceg-meghan-mar...
      [✓] Mentve: 3x MD + Meta/NLP JSON (Cím: Harry és Meghan máris elégedetlen: Károly kir)
[554/1187] Letöltés (ID  659 | 24.hu       ): https://marieclaire.hu/napi-uzenet/2026/09/09/napi-uzenet-szerda-...
      [✓] Mentve: 3x MD + Meta/NLP JSON (Cím: Napi üzenet szerda – 2026. 09. 09.)
[555/1187] Letöltés (ID  154 | Origo       ): https://www.origo.hu/sport/sport-futball/2026/09/varga-barnabas-m...
      [✓] Mentve: 3x MD + Meta/NLP JSON (Cím: Varga Barnabás edzője üzent az AEK)
[556/1187] Letöltés (ID  725 | Blikk       ): https://www.blikk.hu/auto/euro-5-dizel-korlatozas-olaszorszag/2d3...
      [✓] Mentve: 3x MD + Meta/NLP JSON (Cím: ös autókat kitilthatják Milánóból és más nagy)
[557/1187] Letöltés (ID  306 | Nepszava    ): https://nepszava.hu/3332251_a-maganegeszsegugy-valodi-hatarai-viz...
      [✓] Mentve: 3x MD + Meta/NLP JSON (Cím: A magánegészségügy valódi határai: mire elég )
[558/1187] Letöltés (ID  938 | Portfolio   ): https://www.portfolio.hu/gazdasag/20260906/mohamed-el-erian-gigan...
      [✓] Mentve: 3x MD + Meta/NLP JSON (Cím: Mohamed El-Erian: Gigantikus tőkeigény és eme)
[559/1187] Letöltés (ID   13 | Origo       ): https://www.origo.hu/itthon/2026/09/uzemanyagarak-dragulas-kapita...
      [✓] Mentve: 3x MD + Meta/NLP JSON (Cím: Elszálló üzemanyagárak: így kaphatnak támogat)
[560/1187] Letöltés (ID  314 | Nepszava    ): https://nepszava.hu/3332407_nemzeti-sportugynokseg-belugyminiszte...
      [✓] Mentve: 3x MD + Meta/NLP JSON (Cím: Felmentette a Nemzeti Sportügynökség vezetőjé)
[561/1187] Letöltés (ID 1128 | Portfolio   ): https://www.portfolio.hu/gazdasag/20260909/csak-eszkalalodik-az-a...
      [✓] Mentve: 3x MD + Meta/NLP JSON (Cím: Csak eszkalálódik az adok-kapok: keményen oda)
[562/1187] Letöltés (ID  605 | 24.hu       ): https://24.hu/belfold/2026/09/09/hatvan-korhaz-halal-vizsgalat...
      [✓] Mentve: 3x MD + Meta/NLP JSON (Cím: Tíz hibát tártak fel a hatvani kórházban a ho)
[563/1187] Letöltés (ID  739 | Blikk       ): https://www.blikk.hu/galeria/fradi-ujpest-derbi-galeria/5h5x65h...
      [✓] Mentve: 3x MD + Meta/NLP JSON (Cím: „Ha bántod a Fradit, agyonverünk” – Hatalmas )
[564/1187] Letöltés (ID  722 | Blikk       ): https://www.blikk.hu/sztarvilag/hazai-sztarok/hazassag-elso-latas...
      [✓] Mentve: 3x MD + Meta/NLP JSON (Cím: Bikiniben flörtöl férjével a Házasság első lá)
[565/1187] Letöltés (ID 1083 | Portfolio   ): https://www.portfolio.hu/gazdasag/20260908/negyedszazaddal-a-new-...
      [✓] Mentve: 3x MD + Meta/NLP JSON (Cím: Negyedszázaddal a New York-i tragédia után pe)
[566/1187] Letöltés (ID  277 | Nepszava    ): https://nepszava.hu/3332433_parlament-szavazas-fuggetlen-kozmedia...
      [✓] Mentve: 3x MD + Meta/NLP JSON (Cím: Jön egy újabb parlamenti nap, ma szavazzák me)
[567/1187] Letöltés (ID  527 | 24.hu       ): https://ng.24.hu/fold/2026/09/08/vilagterkep-lecserelese-ensz-mer...
      [✓] Mentve: 3x MD + Meta/NLP JSON (Cím: Miért cserélné le az ENSZ a hagyományos világ)
[568/1187] Letöltés (ID  131 | Origo       ): https://www.origo.hu/itthon/2026/09/rogan-antal-kabinetfonok-inga...
      [✓] Mentve: 3x MD + Meta/NLP JSON (Cím: A rendőrség lezárta a Rogán Antal egykori kab)
[569/1187] Letöltés (ID  360 | Nepszava    ): https://nepszava.hu/3332258_gyujtogatas-nemetorszeg-sajtofotos-it...
      [✓] Mentve: 3x MD + Meta/NLP JSON (Cím: Gyújtogató sajtófotósokat ítéltek börtönbünte)
[570/1187] Letöltés (ID  596 | 24.hu       ): https://www.vezess.hu/hirek/2026/09/08/bmw-m350-xdrive-kemfoto...
      [✓] Mentve: 3x MD + Meta/NLP JSON (Cím: Fotókon a vadonatúj BMW 3)
[571/1187] Letöltés (ID   64 | Origo       ): https://www.origo.hu/techbazis/2026/09/honor-600-smart-5g-honor-p...
      [✓] Mentve: 3x MD + Meta/NLP JSON (Cím: s okostelefonnal indítja az őszt Magyarország)
[572/1187] Letöltés (ID  985 | Portfolio   ): https://www.portfolio.hu/uzlet/20260908/repulok-szazai-kerulhetne...
      [✓] Mentve: 3x MD + Meta/NLP JSON (Cím: Repülők százai kerülhetnek bajba: újabb vulká)
[573/1187] Letöltés (ID  714 | Blikk       ): https://www.egeszsegkalauz.hu/eletmodorvoslas/testmozgas/mozgas-v...
      [✓] Mentve: 3x MD + Meta/NLP JSON (Cím: A test „második szíve” a térd alatt dolgozik )
[574/1187] Letöltés (ID  877 | Blikk       ): https://www.kiskegyed.hu/kepernyo/hazassag-elso-latasra-laci-tucs...
      [✓] Mentve: 3x MD + Meta/NLP JSON (Cím: "Te színészkedsz, te lesz*rsz engem!" Laci mi)
[575/1187] Letöltés (ID  519 | 24.hu       ): https://24.hu/tudomany/2026/09/06/anglia-polgarhaboru-ostrom-tort...
      [✓] Mentve: 3x MD + Meta/NLP JSON (Cím: Brutális ostrommal foglalták el az angol parl)
[576/1187] Letöltés (ID   43 | Origo       ): https://www.origo.hu/nagyvilag/2026/09/bebiszitter-gyilkossag-gie...
      [✓] Mentve: 3x MD + Meta/NLP JSON (Cím: Agyonverte a kislányt a bébiszitter, majd all)
[577/1187] Letöltés (ID 1153 | Portfolio   ): https://www.portfolio.hu/global/20260908/egesz-szeptemberben-allh...
      [✓] Mentve: 3x MD + Meta/NLP JSON (Cím: Egész szeptemberben állhat Románia két atomre)
[578/1187] Letöltés (ID  304 | Nepszava    ): https://nepszava.hu/3332416_sarka-kata-cukraszda-vegehajtas-nav...
      [✓] Mentve: 3x MD + Meta/NLP JSON (Cím: Végrehajtást jegyeztek be a Sarka Kata többsé)
[579/1187] Letöltés (ID  648 | 24.hu       ): https://24.hu/kulfold/2026/09/08/trump-putyin-telefon-ukrajna...
      [✓] Mentve: 3x MD + Meta/NLP JSON (Cím: Trump és Putyin telefonáltak)
[580/1187] Letöltés (ID  244 | Origo       ): https://www.origo.hu/filmklub/2026/09/shannon-elizabeth-filmek-am...
      [✓] Mentve: 3x MD + Meta/NLP JSON (Cím: 53 éves lett az Amerika pite Nadiája: íme, Sh)
[581/1187] Letöltés (ID 1109 | Portfolio   ): https://www.portfolio.hu/global/20260909/varatlan-kivetelt-tett-m...
      [✓] Mentve: 3x MD + Meta/NLP JSON (Cím: Váratlan kivételt tett Magyarországgal a Fehé)
[582/1187] Letöltés (ID  373 | Nepszava    ): https://nepszava.hu/3332456_orban-anita-bejelentette-hogy-magyaro...
      [✓] Mentve: 3x MD + Meta/NLP JSON (Cím: Orbán Anita bejelentette, hogy Magyarország k)
[583/1187] Letöltés (ID  768 | Blikk       ): https://www.blikk.hu/extra-ajanlo/iskolakezdes-holyaghurut-antibi...
      [✓] Mentve: 3x MD + Meta/NLP JSON (Cím: A szeptemberi rohanás rejtett ára: mi történi)
[584/1187] Letöltés (ID   90 | Origo       ): https://www.origo.hu/belpol/2026/09/magyar-peter-mandiner-interju...
      [✓] Mentve: 3x MD + Meta/NLP JSON (Cím: interjúja: előkerült a szerkesztőségi levelez)
[585/1187] Letöltés (ID  925 | Portfolio   ): https://www.portfolio.hu/gazdasag/20260907/hiaba-gyorsit-a-korman...
      [✓] Mentve: 3x MD + Meta/NLP JSON (Cím: Hiába gyorsít a kormány a szélenergia-fejlesz)
[586/1187] Letöltés (ID  367 | Nepszava    ): https://nepszava.hu/3332419_balatonlelle-vizallas-yachclub-molo-v...
      [✓] Mentve: 3x MD + Meta/NLP JSON (Cím: A szomszéd fürdőhelyre szivattyúzta az iszapo)
[587/1187] Letöltés (ID  850 | Blikk       ): https://www.blikk.hu/eletmod/lelek/szin-megnyugtat-otthon-pszicho...
      [✓] Mentve: 3x MD + Meta/NLP JSON (Cím: Ez a legjobb árnyalat az otthoni falakhoz a p)
[588/1187] Letöltés (ID  616 | 24.hu       ): https://24.hu/belfold/2026/09/08/cserhalmi-gyorgy-nagy-ervin-szfe...
      [✓] Mentve: 3x MD + Meta/NLP JSON (Cím: Cserhalmi György üzent Nagy Ervinnek: „Úgy lá)
[589/1187] Letöltés (ID 1158 | Portfolio   ): https://www.portfolio.hu/uzlet/20260908/nagyot-ralizott-az-otp-86...
      [✓] Mentve: 3x MD + Meta/NLP JSON (Cím: Nagyot ralizott az OTP)
[590/1187] Letöltés (ID  372 | Nepszava    ): https://nepszava.hu/3332455_megszavazta-a-parlament-a-fuggetlen-k...
      [✓] Mentve: 3x MD + Meta/NLP JSON (Cím: Megszavazta a parlament a Független Közmédia )
[591/1187] Letöltés (ID  516 | 24.hu       ): https://24.hu/tudomany/2026/09/08/idojaras-elorejelzes-szeptember...
      [✓] Mentve: 3x MD + Meta/NLP JSON (Cím: Nyárias meleg lesz kedden napközben, aztán gy)
[592/1187] Letöltés (ID  125 | Origo       ): https://www.origo.hu/gasztro/2026/07/sorkorcsolya-recept...
      [✓] Mentve: 3x MD + Meta/NLP JSON (Cím: Sörkorcsolya: a legjobb receptek a meccsnézés)
[593/1187] Letöltés (ID  686 | Blikk       ): https://www.blikk.hu/eletmod/lelek/horoszkop-csillagjegyek-szeren...
      [✓] Mentve: 3x MD + Meta/NLP JSON (Cím: Három csillagjegy számára szeptember 8-án kez)
[594/1187] Letöltés (ID  343 | Nepszava    ): https://nepszava.hu/3332339_akkugyar-komment-robbantassal-fenyege...
      [✓] Mentve: 3x MD + Meta/NLP JSON (Cím: Félt az akkugyáraktól - állítja a debreceni f)
[595/1187] Letöltés (ID  549 | 24.hu       ): https://www.vezess.hu/magazin/2026/09/08/dacia-spring-2027-jon-a-...
      [✓] Mentve: 3x MD + Meta/NLP JSON (Cím: Jön a kínaiaknál is olcsóbb Dacia)
[596/1187] Letöltés (ID   34 | Origo       ): https://www.origo.hu/kek-hirek/2026/09/baleset-szentendre-kereses...
      [✓] Mentve: 3x MD + Meta/NLP JSON (Cím: Balesetet szenvedett, majd 14 órán át bolyong)
[597/1187] Letöltés (ID 1159 | Portfolio   ): https://www.portfolio.hu/global/20260908/hirtelen-megjott-az-euro...
      [✓] Mentve: 3x MD + Meta/NLP JSON (Cím: Hirtelen megjött az európai államok kedve az )
[598/1187] Letöltés (ID  796 | Blikk       ): https://www.blikk.hu/politika/magyar-politika/balla-gyorgy-fidesz...
      [✓] Mentve: 3x MD + Meta/NLP JSON (Cím: Így szólalkozott össze Balla György és Haller)
[599/1187] Letöltés (ID  606 | 24.hu       ): https://24.hu/belfold/2026/09/09/viharok-hidegfront-nyar-vege-ido...
      [✓] Mentve: 3x MD + Meta/NLP JSON (Cím: Zivatarokkal, viharos széllel ér véget a nyár)
[600/1187] Letöltés (ID  110 | Origo       ): https://www.origo.hu/teve/2026/09/ciara-enekesno-gyermeket-var...
      [✓] Mentve: 3x MD + Meta/NLP JSON (Cím: Ötödik gyermekét várja a gyönyörű énekesnő, C)
[601/1187] Letöltés (ID 1165 | Portfolio   ): https://www.portfolio.hu/gazdasag/20260908/energiat-sporolni-mar-...
      [✓] Mentve: 3x MD + Meta/NLP JSON (Cím: Energiát spórolni már nem elég: az EPBD új sz)
[602/1187] Letöltés (ID  758 | Blikk       ): https://www.blikk.hu/gazdasag/penz/iskolakezdes-szunetek-szabadsa...
      [✓] Mentve: 3x MD + Meta/NLP JSON (Cím: Így élik túl a szülők a 2026/2027)
[603/1187] Letöltés (ID  389 | Nepszava    ): https://nepszava.hu/3332493_pezsgot-bontottak-vitezy-bejelentese-...
      [✓] Mentve: 3x MD + Meta/NLP JSON (Cím: Pezsgőt bontottak Vitézy Dávid bejelentése ut)
[604/1187] Letöltés (ID 1048 | Portfolio   ): https://www.portfolio.hu/befektetes/20260908/megszolaltak-a-profi...
      [✓] Mentve: 3x MD + Meta/NLP JSON (Cím: Megszólaltak a profik: ennyit érhetnek valójá)
[605/1187] Letöltés (ID  522 | 24.hu       ): https://24.hu/tech/2026/09/05/ifa-2026-roborock-saros-rover-robot...
      [✓] Mentve: 3x MD + Meta/NLP JSON (Cím: Lenyűgöző, ahogy ez a robotporszívó lábra áll)
[606/1187] Letöltés (ID  237 | Origo       ): https://www.origo.hu/belpol/2026/09/allamhaztartas-rekord-hiany-i...
      [✓] Mentve: 3x MD + Meta/NLP JSON (Cím: Az élelmiszer ugyan olcsóbb lett, az államház)
[607/1187] Letöltés (ID  382 | Nepszava    ): https://nepszava.hu/3332508_katonai-misszio-csad-humanitarius-mun...
      [✓] Mentve: 3x MD + Meta/NLP JSON (Cím: Orbán Gáspár tevefarm-alapítóként is nyomot h)
[608/1187] Letöltés (ID  829 | Blikk       ): https://www.glamour.hu/divat/velencei-filmfesztival-legszebb-ruha...
      [✓] Mentve: 3x MD + Meta/NLP JSON (Cím: A Velencei Filmfesztivál 10 leglélegzetelállí)
[609/1187] Letöltés (ID 1076 | Portfolio   ): https://www.portfolio.hu/gazdasag/20260908/nemzetkozi-kritikat-ka...
      [✓] Mentve: 3x MD + Meta/NLP JSON (Cím: Nemzetközi kritikát kapott a magyar kormány: )
[610/1187] Letöltés (ID  860 | Blikk       ): https://www.blikk.hu/sport/kulfoldi-foci/liverpool-bajnokok-ligaj...
      [✓] Mentve: 3x MD + Meta/NLP JSON (Cím: Rangadóval indítják a BL alapszakaszát Szobos)
[611/1187] Letöltés (ID  204 | Origo       ): https://www.origo.hu/sport/sport-futball/2026/09/porto-manchester...
      [✓] Mentve: 3x MD + Meta/NLP JSON (Cím: Manchester City Bajnokok Ligája)
[612/1187] Letöltés (ID  413 | Nepszava    ): https://nepszava.hu/3332472_potkoltsegvetes-karman-andras-eurobev...
      [✓] Mentve: 3x MD + Meta/NLP JSON (Cím: Gigahiányról, euróbevezetésről is beszélt Kár)
[613/1187] Letöltés (ID  455 | 24.hu       ): https://24.hu/kulfold/2026/09/07/foldkozi-tenger-air-france-lezuh...
      [✓] Mentve: 3x MD + Meta/NLP JSON (Cím: Kiemelnék a Földközi-tengerből az Air France )
[614/1187] Letöltés (ID  668 | Blikk       ): https://www.blikk.hu/politika/magyar-politika/magyar-peter-parlam...
      [✓] Mentve: 3x MD + Meta/NLP JSON (Cím: Magyar Péter felszólalásával indult a parlame)
[615/1187] Letöltés (ID  345 | Nepszava    ): https://nepszava.hu/3332327_gyori-audi-eto-noi-kezilabda-bajnokok...
      [✓] Mentve: 3x MD + Meta/NLP JSON (Cím: Háromgólos sikerrel kezdett a BL-ben a Győr)
[616/1187] Letöltés (ID    9 | Origo       ): https://www.origo.hu/sport/2026/09/bernie-ecclestone-fegyver-fogv...
      [✓] Mentve: 3x MD + Meta/NLP JSON (Cím: 1 egykori vezérénél, Bernie Ecclestone)
[617/1187] Letöltés (ID  513 | 24.hu       ): https://24.hu/sport/foci/2026/09/04/manchester-united-igazolasok-...
      [✓] Mentve: 3x MD + Meta/NLP JSON (Cím: Miért igazoltak keveset? És miért nem tudtak )
[618/1187] Letöltés (ID 1044 | Portfolio   ): https://www.portfolio.hu/bank/20260908/rajna-gabor-felraztak-a-ba...
      [✓] Mentve: 3x MD + Meta/NLP JSON (Cím: Rajna Gábor: felrázták a bankpiacot a neobank)
[619/1187] Letöltés (ID 1041 | Portfolio   ): https://www.portfolio.hu/gazdasag/20260908/igy-veszeltek-at-a-mag...
      [✓] Mentve: 3x MD + Meta/NLP JSON (Cím: Így vészelték át a magyar cégek a kánikulát –)
[620/1187] Letöltés (ID  408 | Nepszava    ): https://nepszava.hu/3332478_oroszorszag-magyarorszag-kemkedes-kiu...
      [✓] Mentve: 3x MD + Meta/NLP JSON (Cím: Úgy néz ki, lehúzzák a rolót a budapesti oros)
[621/1187] Letöltés (ID  584 | 24.hu       ): https://24.hu/fn/gazdasag/2026/09/08/gondosora-program-naih-vizsg...
      [✓] Mentve: 3x MD + Meta/NLP JSON (Cím: Péterfalviék is vizsgálják a Gondosóra progra)
[622/1187] Letöltés (ID  683 | Blikk       ): https://www.blikk.hu/sztarvilag/hazai-sztarok/falusi-mariann-bonc...
      [✓] Mentve: 3x MD + Meta/NLP JSON (Cím: A halottak mosása és boncolása sem riasztja e)
[623/1187] Letöltés (ID  143 | Origo       ): https://www.origo.hu/sport/sport-futball/2026/09/liverpool-atleti...
      [✓] Mentve: 3x MD + Meta/NLP JSON (Cím: Szoboszlai Dominik miatt szomorú a Liverpool )
[624/1187] Letöltés (ID   84 | Origo       ): https://www.origo.hu/belpol/2026/09/nagy-istvan-szocialis-tuzifa-...
      [✓] Mentve: 3x MD + Meta/NLP JSON (Cím: Nagy István: Még a korábbi tűzifa árát sem fi)
[625/1187] Letöltés (ID  299 | Nepszava    ): https://nepszava.hu/3328160_nepszava-gal-maria-ronay-tamas-papai-...
      [✓] Mentve: 3x MD + Meta/NLP JSON (Cím: „A kulcsszó a befogadás”)
[626/1187] Letöltés (ID  533 | 24.hu       ): https://24.hu/kulfold/2026/09/07/eltemettek-ratko-mladicot...
      [✓] Mentve: 3x MD + Meta/NLP JSON (Cím: Eltemették Ratko Mladicot)
[627/1187] Letöltés (ID  819 | Blikk       ): https://www.kiskegyed.hu/gasztro/karamellas-dios-piskotataller-re...
      [✓] Mentve: 3x MD + Meta/NLP JSON (Cím: Mennyei ízek egy egyszerű süti receptben)
[628/1187] Letöltés (ID  946 | Portfolio   ): https://www.portfolio.hu/gazdasag/20260907/kapitany-istvan-nem-a-...
      [✓] Mentve: 3x MD + Meta/NLP JSON (Cím: Kapitány István: nem a kutakon, de jön a segí)
[629/1187] Letöltés (ID  379 | Nepszava    ): https://nepszava.hu/3332513_az-egyesult-allamok-ujrakezdte-a-a-ma...
      [✓] Mentve: 3x MD + Meta/NLP JSON (Cím: Az Egyesült Államok újrakezdte a magyarország)
[630/1187] Letöltés (ID  816 | Blikk       ): https://www.kiskegyed.hu/kepernyo/hazassag-elso-latasra-mate-anas...
      [✓] Mentve: 3x MD + Meta/NLP JSON (Cím: A nézők is alig hittek a szemüknek, hogy ez m)
[631/1187] Letöltés (ID  988 | Portfolio   ): https://www.portfolio.hu/gazdasag/20260906/vastragyazas-az-oceano...
      [✓] Mentve: 3x MD + Meta/NLP JSON (Cím: Vastrágyázás az óceánokban: mennyi légköri sz)
[632/1187] Letöltés (ID  472 | 24.hu       ): https://24.hu/belfold/2026/08/13/24hu-gyakornoki-program-2026...
      [✓] Mentve: 3x MD + Meta/NLP JSON (Cím: Újra elindítja gyakornoki programját a 24.hu!)
[633/1187] Letöltés (ID  219 | Origo       ): https://www.origo.hu/tudomany/2026/09/urolitin-a-granatalma-szive...
      [✓] Mentve: 3x MD + Meta/NLP JSON (Cím: Urolitin A: megvan a gyümölcs, amely javíthat)
[634/1187] Letöltés (ID  371 | Nepszava    ): https://nepszava.hu/3332462_lemondott-brassoi-sandor-az-oktatasi-...
      [✓] Mentve: 3x MD + Meta/NLP JSON (Cím: Lemondott Brassói Sándor, az Oktatási Hivatal)
[635/1187] Letöltés (ID  761 | Blikk       ): https://www.blikk.hu/sztarvilag/filmklikk/harry-potter-bolcsek-ko...
      [✓] Mentve: 3x MD + Meta/NLP JSON (Cím: Friss felvételeken a raszta hajú, fekete bőrű)
[636/1187] Letöltés (ID  910 | Portfolio   ): https://www.portfolio.hu/gazdasag/20260908/tisza-kormany-indul-a-...
      [✓] Mentve: 3x MD + Meta/NLP JSON (Cím: Tisza-kormány: sorra indulnak az eljárások az)
[637/1187] Letöltés (ID  145 | Origo       ): https://www.origo.hu/teve/2026/09/farkashazi-reka-korhazba-kerult...
      [✓] Mentve: 3x MD + Meta/NLP JSON (Cím: Kórházba került Farkasházi Réka: megrázó posz)
[638/1187] Letöltés (ID  471 | 24.hu       ): https://sokszinuvidek.24.hu/viragzo-videkunk/2026/09/07/balatoni-...
      [✓] Mentve: 3x MD + Meta/NLP JSON (Cím: Csökkenőben az algák száma a Balatonban)
[639/1187] Letöltés (ID  645 | 24.hu       ): https://24.hu/kulfold/2026/09/09/orosz-drontamadas-ukran-moldav-h...
      [✓] Mentve: 3x MD + Meta/NLP JSON (Cím: Orosz dróntámadás az ukrán–moldáv határátkelő)
[640/1187] Letöltés (ID  319 | Nepszava    ): https://nepszava.hu/3330979_a-betegsegemnek-koszonhetem-hogy-viss...
      [✓] Mentve: 3x MD + Meta/NLP JSON (Cím: „A betegségemnek köszönhetem, hogy visszakerü)
[641/1187] Letöltés (ID   75 | Origo       ): https://www.origo.hu/sport/sport-futball/2026/09/liverpool-valtoz...
      [✓] Mentve: 3x MD + Meta/NLP JSON (Cím: Andoni Iraola nem félt könyörtelen döntést ho)
[642/1187] Letöltés (ID  723 | Blikk       ): https://www.blikk.hu/sztarvilag/hazai-sztarok/hazassag-elso-latas...
      [✓] Mentve: 3x MD + Meta/NLP JSON (Cím: Házasság első látásra Máté szerelmet vallott )
[643/1187] Letöltés (ID  933 | Portfolio   ): https://www.portfolio.hu/uzlet/20260908/nem-keso-palyazni-a-cfo-o...
      [✓] Mentve: 3x MD + Meta/NLP JSON (Cím: Nem késő pályázni a CFO of the year díjra – L)
[644/1187] Letöltés (ID  220 | Origo       ): https://www.origo.hu/sport/sport-futball/2026/09/varga-barnabas-v...
      [✓] Mentve: 3x MD + Meta/NLP JSON (Cím: Varga Barnabás a kihagyott helyzeteiről beszé)
[645/1187] Letöltés (ID 1063 | Portfolio   ): https://www.portfolio.hu/global/20260908/lassan-nehez-kovetni-ez-...
      [✓] Mentve: 3x MD + Meta/NLP JSON (Cím: Lassan nehéz követni, ez már hanyadik halaszt)
[646/1187] Letöltés (ID  674 | Blikk       ): https://www.blikk.hu/gazdasag/vasarlas/dizel-kormany-tamogatas-ta...
      [✓] Mentve: 3x MD + Meta/NLP JSON (Cím: Elszabadultak az üzemanyagárak, a dízeleseket)
[647/1187] Letöltés (ID  303 | Nepszava    ): https://nepszava.hu/3332418_vegrehajtoi-kar-vagyonvesztes-rogan-a...
      [✓] Mentve: 3x MD + Meta/NLP JSON (Cím: Másodszor is megszüntette a rendőrség a végre)
[648/1187] Letöltés (ID  567 | 24.hu       ): https://24.hu/belfold/2026/09/08/toroczkai-magyar-fereg-kizaras-b...
      [✓] Mentve: 3x MD + Meta/NLP JSON (Cím: Nem kér bocsánatot Toroczkai, aki halálos fen)
[649/1187] Letöltés (ID 1180 | Portfolio   ): https://www.agrarszektor.hu/noveny/20260909/luxuscikke-valhat-sok...
      [✓] Mentve: 3x MD + Meta/NLP JSON (Cím: Luxuscikké válhat sokak kedvenc gyümölcse: ké)
[650/1187] Letöltés (ID  275 | Nepszava    ): https://nepszava.hu/3332434_rendorseg-nyomozas-csoportosan-elkove...
      [✓] Mentve: 3x MD + Meta/NLP JSON (Cím: Csoportosan elkövetett garázdaság gyanúja mia)
[651/1187] Letöltés (ID  464 | 24.hu       ): https://24.hu/kulfold/2026/09/07/kreko-peter-afd-szasz-anhalt-eur...
      [✓] Mentve: 3x MD + Meta/NLP JSON (Cím: Krekó Péter: A szabadság álarca mögé rejti az)
[652/1187] Letöltés (ID  734 | Blikk       ): https://www.blikk.hu/ferfiaknak/tech/magas-vernyomas-demencia-kap...
      [✓] Mentve: 3x MD + Meta/NLP JSON (Cím: A magas vérnyomás miatt alakulhat ki a demenc)
[653/1187] Letöltés (ID  155 | Origo       ): https://www.origo.hu/techbazis/2026/09/lego-playstation-maris-muk...
      [✓] Mentve: 3x MD + Meta/NLP JSON (Cím: A LEGO PlayStationt működő konzollá alakítják)
[654/1187] Letöltés (ID 1122 | Portfolio   ): https://www.portfolio.hu/uzlet/20260909/gigantikus-fuziora-keszul...
      [✓] Mentve: 3x MD + Meta/NLP JSON (Cím: Gigantikus fúzióra készülnek az űripar óriása)
[655/1187] Letöltés (ID  433 | 24.hu       ): https://24.hu/kulfold/2026/09/08/afd-szasz-anhalt-gyozelem-berlin...
      [✓] Mentve: 3x MD + Meta/NLP JSON (Cím: „A fasizmus nem alternatíva” – több ezren tün)
[656/1187] Letöltés (ID  109 | Origo       ): https://www.origo.hu/teve/2026/09/tangaban-a-megasztarban...
      [✓] Mentve: 3x MD + Meta/NLP JSON (Cím: Tangában a Megasztárban: különös versenyzőkbő)
[657/1187] Letöltés (ID  866 | Blikk       ): https://www.blikk.hu/sztarvilag/hazai-sztarok/hazassag-elso-latas...
      [✓] Mentve: 3x MD + Meta/NLP JSON (Cím: „Okádok tőle!” – Elszakadt a cérna a Házasság)
[658/1187] Letöltés (ID  338 | Nepszava    ): https://nepszava.hu/3332366_hatoslotto-nyeroszamok-nyeremenyek...
      [✓] Mentve: 3x MD + Meta/NLP JSON (Cím: Íme a hatoslottó nyerőszámai)
[659/1187] Letöltés (ID  583 | 24.hu       ): https://sokszinuvidek.24.hu/eletmod/2026/09/08/gyor-gyirmot-gyogy...
      [✓] Mentve: 3x MD + Meta/NLP JSON (Cím: Klinikai vizsgálat igazolta hatását: ez az or)
[660/1187] Letöltés (ID  982 | Portfolio   ): https://www.portfolio.hu/podcast/20260903/tisza-kormany-a-piac-bi...
      [✓] Mentve: 3x MD + Meta/NLP JSON (Cím: Tisza-kormány: a piac bizalma még kitart, de )
[661/1187] Letöltés (ID  280 | Nepszava    ): https://nepszava.hu/3332381_mubalhek-nemzetbiztonsag-magyar-minde...
      [✓] Mentve: 3x MD + Meta/NLP JSON (Cím: A kukabúvárkodás filozófiája)
[662/1187] Letöltés (ID  799 | Blikk       ): https://www.blikk.hu/sport/magyar-foci/nb-i-ferencvaros-ujpest-ku...
      [✓] Mentve: 3x MD + Meta/NLP JSON (Cím: Kubatov Gábor a molinóbotrány után ezt kérte )
[663/1187] Letöltés (ID  250 | Origo       ): https://www.origo.hu/eletmod/2026/09/szenanatha-kezelese-osi-prak...
      [✓] Mentve: 3x MD + Meta/NLP JSON (Cím: Méreggel és drogokkal próbálkoztak: így zajlo)
[664/1187] Letöltés (ID 1027 | Portfolio   ): https://www.penzcentrum.hu/otthon/20260908/hatalmas-valtozas-jon-...
      [✓] Mentve: 3x MD + Meta/NLP JSON (Cím: Hatalmas változás jön a gyermekvédelemben: fe)
[665/1187] Letöltés (ID  633 | 24.hu       ): https://24.hu/belfold/2026/09/08/fakepnel-hagyta-az-utasait-es-fu...
      [✓] Mentve: 3x MD + Meta/NLP JSON (Cím: Faképnél hagyta az utasait, és futva menekült)
[666/1187] Letöltés (ID  892 | Blikk       ): https://blikkruzs.blikk.hu/sztarhirek/demszky-gabor-ot-hazassag-v...
      [✓] Mentve: 3x MD + Meta/NLP JSON (Cím: Demszky Gábor: ötször volt nős, ötször vált)
[667/1187] Letöltés (ID  419 | Nepszava    ): https://nepszava.hu/3332479_ivanyi-gabor-magyar-evangeliumi-testv...
      [✓] Mentve: 3x MD + Meta/NLP JSON (Cím: Iványi Gábor: Nincs előrelépés a MET egyházi )
[668/1187] Letöltés (ID   42 | Origo       ): https://www.origo.hu/eletmod/2026/09/matcha-tea-karos-hatasa...
      [✓] Mentve: 3x MD + Meta/NLP JSON (Cím: Matcha tea: miért lett ekkora divat ebből a z)
[669/1187] Letöltés (ID  836 | Blikk       ): https://www.blikk.hu/aktualis/belfold/agrarminiszterium-lopott-fe...
      [✓] Mentve: 3x MD + Meta/NLP JSON (Cím: 14 éve ellopott festménnyel sétáltak be az Ag)
[670/1187] Letöltés (ID  349 | Nepszava    ): https://nepszava.hu/3332167_bota-gabor-csak-bejjebb-jancsikam...
      [✓] Mentve: 3x MD + Meta/NLP JSON (Cím: Erotikus határátlépés)
[671/1187] Letöltés (ID  919 | Portfolio   ): https://www.portfolio.hu/global/20260908/nincs-megallas-a-vilag-l...
      [✓] Mentve: 3x MD + Meta/NLP JSON (Cím: Nincs megállás a világ legsötétebb diktatúráj)
[672/1187] Letöltés (ID  450 | 24.hu       ): https://24.hu/tudomany/2026/09/07/idojaras-eso-lehules-aszaly...
      [✓] Mentve: 3x MD + Meta/NLP JSON (Cím: Időjárás: már látszik, mikor és hova érkezik )
[673/1187] Letöltés (ID  116 | Origo       ): https://www.origo.hu/tudomany/2026/09/depresszio-elelmiszer-adale...
      [✓] Mentve: 3x MD + Meta/NLP JSON (Cím: Depresszió kialakulásával hozták kapcsolatba )
[674/1187] Letöltés (ID 1052 | Portfolio   ): https://www.portfolio.hu/gazdasag/20260908/merlegen-az-esg-jelent...
      [✓] Mentve: 3x MD + Meta/NLP JSON (Cím: Mérlegen az ESG-jelentések első köre: jól viz)
[675/1187] Letöltés (ID  708 | Blikk       ): https://www.blikk.hu/sport/meghalt-sportolo-bunyo-andy-williams-m...
      [✓] Mentve: 3x MD + Meta/NLP JSON (Cím: Dráma: meccs után halt meg a sportoló)
[676/1187] Letöltés (ID  399 | Nepszava    ): https://nepszava.hu/3332476_libri-mcc-allami-tulajdon-konyv-arkot...
      [✓] Mentve: 3x MD + Meta/NLP JSON (Cím: Ha olcsók a könyvek, mindegy a tulaj: olvasók)
[677/1187] Letöltés (ID  523 | 24.hu       ): https://24.hu/tech/2026/09/05/ifa-2026-dreame-aqua20-pro-ultra-ro...
      [✓] Mentve: 3x MD + Meta/NLP JSON (Cím: A Dreame legújabb robotporszívója már gőzzel )
[678/1187] Letöltés (ID  129 | Origo       ): https://www.origo.hu/kulpol/2026/09/miniszterelnok-vilag-legjobba...
      [✓] Mentve: 3x MD + Meta/NLP JSON (Cím: Fizetésemelést kap a világ legjobban fizetett)
[679/1187] Letöltés (ID   56 | Origo       ): https://www.origo.hu/nagyvilag/2026/09/gyilkos-gyilkossag-halal-s...
      [✓] Mentve: 3x MD + Meta/NLP JSON (Cím: Gyilkos exe megölte az apját, a legrosszabb a)
[680/1187] Letöltés (ID 1135 | Portfolio   ): https://www.portfolio.hu/global/20260908/elorehozott-parlamenti-v...
      [✓] Mentve: 3x MD + Meta/NLP JSON (Cím: Előrehozott parlamenti választás jön Szerbiáb)
[681/1187] Letöltés (ID  599 | 24.hu       ): https://marieclaire.hu/eletmod/2026/09/08/hatratett-kezzel-setala...
      [✓] Mentve: 3x MD + Meta/NLP JSON (Cím: A pszichológus szerint ezt árulja el rólad, h)
[682/1187] Letöltés (ID  390 | Nepszava    ): https://nepszava.hu/3332415_jatekado-koncesszios-dij-kaszino-las-...
      [✓] Mentve: 3x MD + Meta/NLP JSON (Cím: Bő tíz év alatt 60 milliárddal csökkenthette )
[683/1187] Letöltés (ID  853 | Blikk       ): https://www.blikk.hu/eletmod/vilag-titkai/bbc-earth-feltalalok-so...
      [✓] Mentve: 3x MD + Meta/NLP JSON (Cím: Az első autót a feleség adta el: Carl Benz ne)
[684/1187] Letöltés (ID  200 | Origo       ): https://www.origo.hu/itthon/2026/09/vonat-gazolas-torokszentmiklo...
      [✓] Mentve: 3x MD + Meta/NLP JSON (Cím: Halálra gázolt hajnalban egy embert a vonat T)
[685/1187] Letöltés (ID  912 | Portfolio   ): https://www.portfolio.hu/gazdasag/20260908/olyan-beszantasra-kesz...
      [✓] Mentve: 3x MD + Meta/NLP JSON (Cím: Olyan beszántásra készül Magyar Péter, amit k)
[686/1187] Letöltés (ID  728 | Blikk       ): https://www.blikk.hu/auto/motorok-vezermuszij-lanc/3ywm8vm...
      [✓] Mentve: 3x MD + Meta/NLP JSON (Cím: A vezérműszíj vagy a lánc jobb a motorokban?)
[687/1187] Letöltés (ID  316 | Nepszava    ): https://nepszava.hu/3332403_magyar-peter-orszaggyules-forsthoffer...
      [✓] Mentve: 3x MD + Meta/NLP JSON (Cím: Magyar Péter a tatárjáráshoz mérte az Orbán-k)
[688/1187] Letöltés (ID  500 | 24.hu       ): https://24.hu/fn/gazdasag/2026/09/07/fenntarthato-varosi-otthonok...
      [✓] Mentve: 3x MD + Meta/NLP JSON (Cím: Fenntartható, zöld okosotthonok és több milli)
[689/1187] Letöltés (ID  602 | 24.hu       ): https://www.noklapja.hu/aktualis/2026/09/08/oszi-szunet-2026...
      [✓] Mentve: 3x MD + Meta/NLP JSON (Cím: Örülhetnek a gyerekek: tíznapos szünet jön)
[690/1187] Letöltés (ID   32 | Origo       ): https://www.origo.hu/nagyvilag/2026/09/rak-verrak-betegseg...
      [✓] Mentve: 3x MD + Meta/NLP JSON (Cím: Rákos betegsége a nászútjára is elkísérte, de)
[691/1187] Letöltés (ID  278 | Nepszava    ): https://nepszava.hu/3332432_forsthoffer-agnes-toroczkai-laszlo-pa...
      [✓] Mentve: 3x MD + Meta/NLP JSON (Cím: Forsthoffer Ágnes kizárta a parlament e heti )
[692/1187] Letöltés (ID  702 | Blikk       ): https://www.blikk.hu/aktualis/belfold/kristaly-gyula-politikai-el...
      [✓] Mentve: 3x MD + Meta/NLP JSON (Cím: Miért jelentette fel a postás a rendszerváltá)
[693/1187] Letöltés (ID  962 | Portfolio   ): https://www.portfolio.hu/ingatlan/20260907/het-ingatlan-es-hatalm...
      [✓] Mentve: 3x MD + Meta/NLP JSON (Cím: Hét ingatlan és hatalmas eurómegtakarítás: ny)
[694/1187] Letöltés (ID  766 | Blikk       ): https://www.glamour.hu/szepseg/loreal-paris-tudomany-szepsegapola...
      [✓] Mentve: 3x MD + Meta/NLP JSON (Cím: A L'Oréal Paris bebizonyítja, hogy tudomány n)
[695/1187] Letöltés (ID  174 | Origo       ): https://www.origo.hu/belpol/2026/09/toroczkai-laszlo-kitiltas-par...
      [✓] Mentve: 3x MD + Meta/NLP JSON (Cím: Toroczkai László kitiltása felháborodást vált)
[696/1187] Letöltés (ID  467 | 24.hu       ): https://sokszinuvidek.24.hu/mozaik/2026/09/08/filmes-kviz-telepul...
      [✓] Mentve: 3x MD + Meta/NLP JSON (Cím: Filmes kvíz: melyik településen játszódik az )
[697/1187] Letöltés (ID  951 | Portfolio   ): https://www.portfolio.hu/podcast/20260903/mi-marad-a-magyar-gyumo...
      [✓] Mentve: 3x MD + Meta/NLP JSON (Cím: Mi marad a magyar gyümölcsből? Védtelen ültet)
[698/1187] Letöltés (ID  358 | Nepszava    ): https://nepszava.hu/3332267_zsido-kulturalis-fesztival-bosze-adam...
      [✓] Mentve: 3x MD + Meta/NLP JSON (Cím: Tabudöntő szenvedélyes zenei beavatás)
[699/1187] Letöltés (ID   54 | Origo       ): https://www.origo.hu/sport/sport-futball/2026/09/antoine-griezman...
      [✓] Mentve: 3x MD + Meta/NLP JSON (Cím: Antoine Griezmann nehezen viselte a floridai )
[700/1187] Letöltés (ID  334 | Nepszava    ): https://nepszava.hu/3332413_magyar-peter-dizel-uzemanyag...
      [✓] Mentve: 3x MD + Meta/NLP JSON (Cím: Magyar Péter: A kormány szerdán dönt a dízele)
[701/1187] Letöltés (ID 1026 | Portfolio   ): https://www.penzcentrum.hu/auto/20260908/nincs-megallas-lelektani...
      [✓] Mentve: 3x MD + Meta/NLP JSON (Cím: Nincs megállás, lélektani szintet közelít a b)
[702/1187] Letöltés (ID  444 | 24.hu       ): https://24.hu/belfold/2026/09/08/yunus-emre-intezet-nyomozas-viss...
      [✓] Mentve: 3x MD + Meta/NLP JSON (Cím: Magyar állampolgárok adataival élhettek vissz)
[703/1187] Letöltés (ID  703 | Blikk       ): https://www.blikk.hu/sztarvilag/hazai-sztarok/nadas-gyorgy-humori...
      [✓] Mentve: 3x MD + Meta/NLP JSON (Cím: Nádas György és fia között helyrehozhatatlanu)
[704/1187] Letöltés (ID  577 | 24.hu       ): https://24.hu/belfold/2026/09/08/megsem-hagyja-veszni-a-nevet-es-...
      [✓] Mentve: 3x MD + Meta/NLP JSON (Cím: Mégsem hagyja veszni a nevét és logóit a Fide)
[705/1187] Letöltés (ID  288 | Nepszava    ): https://nepszava.hu/3332428_rendorseg-restauralas-botticelli-fres...
      [✓] Mentve: 3x MD + Meta/NLP JSON (Cím: Rendőrségi fenyegetés az esztergomi Botticell)
[706/1187] Letöltés (ID 1134 | Portfolio   ): https://www.portfolio.hu/gazdasag/20260908/ujraindult-a-parlament...
      [✓] Mentve: 3x MD + Meta/NLP JSON (Cím: Újraindult a parlamenti közvetítés a közmédiá)
[707/1187] Letöltés (ID  253 | Origo       ): https://www.origo.hu/nagyvilag/2026/09/baleset-kartyavarkent-dolt...
      [✓] Mentve: 3x MD + Meta/NLP JSON (Cím: Horrorbaleset: kártyavárként dőlt össze egy é)
[708/1187] Letöltés (ID  687 | Blikk       ): https://www.blikk.hu/eletmod/tippek/szelloztetes-szeptember-probl...
      [✓] Mentve: 3x MD + Meta/NLP JSON (Cím: Problémát okozhat a folyamatos szellőztetés)
[709/1187] Letöltés (ID  238 | Origo       ): https://www.origo.hu/belpol/2026/09/magyar-peter-memek-paks...
      [✓] Mentve: 3x MD + Meta/NLP JSON (Cím: Magyar Péter megihlette az internet népét: mu)
[710/1187] Letöltés (ID 1004 | Portfolio   ): https://www.portfolio.hu/gazdasag/20260906/adatokkal-a-betegsegek...
      [✓] Mentve: 3x MD + Meta/NLP JSON (Cím: Adatokkal a betegségek előtt járni - Thuróczy)
[711/1187] Letöltés (ID  321 | Nepszava    ): https://nepszava.hu/3330891_telt-haz-elott-tert-vissza-a-tetthely...
      [✓] Mentve: 3x MD + Meta/NLP JSON (Cím: Telt ház előtt tért vissza a tetthelyre a mar)
[712/1187] Letöltés (ID  656 | 24.hu       ): https://www.vezess.hu/forma-1/2026/09/09/idoutazo-ruhat-kap-az-eg...
      [✓] Mentve: 3x MD + Meta/NLP JSON (Cím: Időutazó ruhát kap az egyik F1-es autó Madrid)
[713/1187] Letöltés (ID  854 | Blikk       ): https://www.blikk.hu/eletmod/utazas/draga-nyaralas-horvatorszag-m...
      [✓] Mentve: 3x MD + Meta/NLP JSON (Cím: Hiába mondták, hogy drága, mégis hatalmasat n)
[714/1187] Letöltés (ID  715 | Blikk       ): https://www.egeszsegkalauz.hu/betegsegek/demencia-korai-jel-etkez...
      [✓] Mentve: 3x MD + Meta/NLP JSON (Cím: 5 apró változás az étkezésben, amely a demenc)
[715/1187] Letöltés (ID  115 | Origo       ): https://www.origo.hu/utazas-nagyhasab/2026/08/isztambul-latnivalo...
      [✓] Mentve: 3x MD + Meta/NLP JSON (Cím: Isztambul látnivalói: fedezd fel Kelet és Nyu)
[716/1187] Letöltés (ID 1112 | Portfolio   ): https://www.portfolio.hu/gazdasag/20260909/egeszsegugy-adat-trans...
      [✓] Mentve: 3x MD + Meta/NLP JSON (Cím: Egészségügy, adat, transzparencia, őszinteség)
[717/1187] Letöltés (ID  496 | 24.hu       ): https://24.hu/kultura/2026/09/04/rap-hiphop-magyarorszag-undergro...
      [✓] Mentve: 3x MD + Meta/NLP JSON (Cím: A lakóteleptől a színpadig: otthon vagy a 90-)
[718/1187] Letöltés (ID  301 | Nepszava    ): https://nepszava.hu/3328167_hammer-ferenc-nepszava-nyomtatott-saj...
      [✓] Mentve: 3x MD + Meta/NLP JSON (Cím: „Ha már ott van a kezedben, sokkal nagyobb az)
[719/1187] Letöltés (ID  834 | Blikk       ): https://www.blikk.hu/sport/magyar-foci/fradi-legenda-unoka-muanya...
      [✓] Mentve: 3x MD + Meta/NLP JSON (Cím: Elhunyt Fradi-legenda unokája dobott műanyagp)
[720/1187] Letöltés (ID   89 | Origo       ): https://www.origo.hu/sport/sport-futball/2026/09/szoboszlai-domin...
      [✓] Mentve: 3x MD + Meta/NLP JSON (Cím: Szoboszlai Dominik is reagált Mohamed Szalah )
[721/1187] Letöltés (ID  290 | Nepszava    ): https://nepszava.hu/3332390_komlo-fojegyzo-polgarmester-vita-felj...
      [✓] Mentve: 3x MD + Meta/NLP JSON (Cím: Bérlő megy, bérlő jön, főjegyző megy, polgárm)
[722/1187] Letöltés (ID  528 | 24.hu       ): https://ng.24.hu/magazin/2026/09/08/modern-samanok-magyarorszagon...
      [✓] Mentve: 3x MD + Meta/NLP JSON (Cím: Amikor megnyílik a szellemvilág: fotókon egy )
[723/1187] Letöltés (ID 1043 | Portfolio   ): https://www.portfolio.hu/gazdasag/20260908/tortenelmi-koltsegvete...
      [✓] Mentve: 3x MD + Meta/NLP JSON (Cím: Történelmi költségvetési deficitadat jött - D)
[724/1187] Letöltés (ID  146 | Origo       ): https://www.origo.hu/kek-hirek/2026/09/munkahelyi-baleset-maros-m...
      [✓] Mentve: 3x MD + Meta/NLP JSON (Cím: Munkahelyi baleset történt Maros megyében, fé)
[725/1187] Letöltés (ID  817 | Blikk       ): https://www.kiskegyed.hu/most-tortenik/nyugdij-emeles-valtozas/84...
      [✓] Mentve: 3x MD + Meta/NLP JSON (Cím: Százezreket érinthet a nagy nyugdíjemelés, de)
[726/1187] Letöltés (ID  410 | Nepszava    ): https://nepszava.hu/3332490_liszt-unnep-steve-reich-frenak-tarsul...
      [✓] Mentve: 3x MD + Meta/NLP JSON (Cím: Összeér a kémia és a zene az idei Liszt Ünnep)
[727/1187] Letöltés (ID  423 | 24.hu       ): https://24.hu/fn/gazdasag/2026/09/08/tisza-szent-istvan-videkfejl...
      [✓] Mentve: 3x MD + Meta/NLP JSON (Cím: Ezeken a településeken indul a Tisza-kormány )
[728/1187] Letöltés (ID  921 | Portfolio   ): https://www.portfolio.hu/gazdasag/20260902/uj-aramtarifat-jelente...
      [✓] Mentve: 3x MD + Meta/NLP JSON (Cím: Új áramtarifát jelentett be az MVM: döntési h)
[729/1187] Letöltés (ID  391 | Nepszava    ): https://nepszava.hu/3332459_hatvani-korhaz-asszony-halal-vizsgala...
      [✓] Mentve: 3x MD + Meta/NLP JSON (Cím: Tíz hibát talált a hatvani kórház saját vizsg)
[730/1187] Letöltés (ID  573 | 24.hu       ): https://24.hu/tech/2026/09/08/apple-iphone-18-pro-max-fold-bemuta...
      [✓] Mentve: 3x MD + Meta/NLP JSON (Cím: Bemutatkoznak az új iPhone-ok: mutatjuk, mire)
[731/1187] Letöltés (ID  121 | Origo       ): https://www.origo.hu/techbazis/2026/09/kiszivargott-az-apple-ipho...
      [✓] Mentve: 3x MD + Meta/NLP JSON (Cím: menetrendje, itt vannak a titkok!)
[732/1187] Letöltés (ID  790 | Blikk       ): https://www.blikk.hu/eletmod/tippek/fuggonytisztitas-trukk-jol-mu...
      [✓] Mentve: 3x MD + Meta/NLP JSON (Cím: Ez a függönytisztítási trükk nagy öröm a házi)
[733/1187] Letöltés (ID 1057 | Portfolio   ): https://www.portfolio.hu/gazdasag/20260908/rado-peter-a-pisa-tesz...
      [✓] Mentve: 3x MD + Meta/NLP JSON (Cím: Radó Péter: a PISA-teszt eredményei katasztro)
[734/1187] Letöltés (ID  752 | Blikk       ): https://www.egeszsegkalauz.hu/tunet/horghurut-kohoges-daganat-hid...
      [✓] Mentve: 3x MD + Meta/NLP JSON (Cím: Hónapokig hörghurutnak hitte a köhögését – vé)
[735/1187] Letöltés (ID  934 | Portfolio   ): https://www.portfolio.hu/uzlet/20260908/az-ai-sztarokert-lobbizna...
      [✓] Mentve: 3x MD + Meta/NLP JSON (Cím: Az AI-sztárokért lobbiznak az amerikai bankok)
[736/1187] Letöltés (ID  292 | Nepszava    ): https://nepszava.hu/3332423_kornyezetvedelmi-birasg-hulladekgazda...
      [✓] Mentve: 3x MD + Meta/NLP JSON (Cím: Eltörölné a hulladékgazdálkodási bírság felső)
[737/1187] Letöltés (ID   53 | Origo       ): https://www.origo.hu/nagyvilag/2026/09/eutanaziat-kert-nagymama...
      [✓] Mentve: 3x MD + Meta/NLP JSON (Cím: Eutanáziát kért a nagymama: utolsó üzenetét 3)
[738/1187] Letöltés (ID  563 | 24.hu       ): https://24.hu/kulfold/2026/09/08/orban-anita-orosz-diplomatak-kiu...
      [✓] Mentve: 3x MD + Meta/NLP JSON (Cím: „Kemény és fájdalmas válaszlépést” ígérnek az)
[739/1187] Letöltés (ID   30 | Origo       ): https://www.origo.hu/kek-hirek/2026/09/repulogep-baleset-miami-ta...
      [✓] Mentve: 3x MD + Meta/NLP JSON (Cím: baleset Miamiban: takarítómunkásokat szállító)
[740/1187] Letöltés (ID  649 | 24.hu       ): https://sokszinuvidek.24.hu/mozaik/2026/09/09/balatoni-bringakoru...
      [✓] Mentve: 3x MD + Meta/NLP JSON (Cím: Balatoni Bringakörút: a kerékpárosok szerint )
[741/1187] Letöltés (ID  832 | Blikk       ): https://www.blikk.hu/aktualis/belfold/till-tamas-gyilkosa-targyal...
      [✓] Mentve: 3x MD + Meta/NLP JSON (Cím: Drámai pillanatok, így érkezett a tárgyalásra)
[742/1187] Letöltés (ID 1098 | Portfolio   ): https://www.agrarszektor.hu/gepek/20260908/kemenyen-fizetnek-a-ma...
      [✓] Mentve: 3x MD + Meta/NLP JSON (Cím: Keményen fizetnek a magyar gazdák: erre ment )
[743/1187] Letöltés (ID  317 | Nepszava    ): https://nepszava.hu/3331808_aszaly-budapest-fak-jogok-veszely...
      [✓] Mentve: 3x MD + Meta/NLP JSON (Cím: Egyszerűen csak jogokat kell adni a fáknak – )
[744/1187] Letöltés (ID 1162 | Portfolio   ): https://www.portfolio.hu/gazdasag/20260908/tortenelmi-melypont-1-...
      [✓] Mentve: 3x MD + Meta/NLP JSON (Cím: Történelmi mélypont: 1 centi a Duna vízállása)
[745/1187] Letöltés (ID  457 | 24.hu       ): https://24.hu/kultura/2026/09/07/megasztar-2026-tehetsegkutato-re...
      [✓] Mentve: 3x MD + Meta/NLP JSON (Cím: Megasztár 2026: A zsűri viháncolva rugdossa T)
[746/1187] Letöltés (ID  183 | Origo       ): https://www.origo.hu/eletmod/2026/09/mikromuanyag-elelmiszer-csom...
      [✓] Mentve: 3x MD + Meta/NLP JSON (Cím: Ebbe ne csomagold a gyerek szendvicsét)
[747/1187] Letöltés (ID  891 | Blikk       ): https://www.blikk.hu/sztarvilag/hazai-sztarok/csuti-kislanya-isko...
      [✓] Mentve: 3x MD + Meta/NLP JSON (Cím: Meghatatódva mesélte el Csuti kislányának els)
[748/1187] Letöltés (ID  412 | Nepszava    ): https://nepszava.hu/3332488_ferencvaros-telekom-szponzoracio-feny...
      [✓] Mentve: 3x MD + Meta/NLP JSON (Cím: Továbbra is konkrét lépéseket vár a Fraditól )
[749/1187] Letöltés (ID  593 | 24.hu       ): https://ng.24.hu/tudomany/2026/09/08/ig-nobel-dij-2026-dijazottak...
      [✓] Mentve: 3x MD + Meta/NLP JSON (Cím: Csótánytej, kígyótámadás és alsónadrág: ismét)
[750/1187] Letöltés (ID   57 | Origo       ): https://www.origo.hu/nagyvilag/2026/09/gyerekbantalmazas-bolcsode...
      [✓] Mentve: 3x MD + Meta/NLP JSON (Cím: Nedves törlőkendőt nyomott a bölcsis gyerekek)
[751/1187] Letöltés (ID  738 | Blikk       ): https://www.blikk.hu/galeria/ferencvaros-ujpest-rangado-szurkolok...
      [✓] Mentve: 3x MD + Meta/NLP JSON (Cím: Szintet lépett az üzengetés a Ferencváros–Újp)
[752/1187] Letöltés (ID  907 | Portfolio   ): https://www.portfolio.hu/gazdasag/20260908/magyar-peter-bejelente...
      [✓] Mentve: 3x MD + Meta/NLP JSON (Cím: Magyar Péter bejelentette: indul a Szent Istv)
[753/1187] Letöltés (ID  402 | Nepszava    ): https://nepszava.hu/3332425_papai-gabor-rajzai-szeptember-07-13...
      [✓] Mentve: 3x MD + Meta/NLP JSON (Cím: Háziállatok)
[754/1187] Letöltés (ID  862 | Blikk       ): https://www.blikk.hu/sport/kulfoldi-foci/bajnokok-ligaja-gulacsi-...
      [✓] Mentve: 3x MD + Meta/NLP JSON (Cím: Hiába a bravúrok, végül három gólt kapott Gul)
[755/1187] Letöltés (ID   83 | Origo       ): https://www.origo.hu/gazdasag/2026/09/dragulas-elelmiszer-arak...
      [✓] Mentve: 3x MD + Meta/NLP JSON (Cím: Durva drágulás a boltokban: ezen a terméken c)
[756/1187] Letöltés (ID  575 | 24.hu       ): https://24.hu/kulfold/2026/09/08/zelenszkij-szerint-hamarosan-les...
      [✓] Mentve: 3x MD + Meta/NLP JSON (Cím: Zelenszkij szerint hamarosan lesz új találkoz)
[757/1187] Letöltés (ID 1151 | Portfolio   ): https://www.portfolio.hu/global/20260908/ezt-is-sikerult-elernie-...
      [✓] Mentve: 3x MD + Meta/NLP JSON (Cím: Ezt is sikerült elérnie Trumpnak: az USA megk)
[758/1187] Letöltés (ID  295 | Nepszava    ): https://nepszava.hu/3332421_magyar-telekom-foszponzor-reakcio-fer...
      [✓] Mentve: 3x MD + Meta/NLP JSON (Cím: Elhatárolódott az FTC-ultrák által felmutatot)
[759/1187] Letöltés (ID 1179 | Portfolio   ): https://www.agrarszektor.hu/fenntarthatosag/20260909/akkora-a-baj...
      [✓] Mentve: 3x MD + Meta/NLP JSON (Cím: Akkora a baj Magyarországon, hogy vészhelyzet)
[760/1187] Letöltés (ID  821 | Blikk       ): https://www.egeszsegkalauz.hu/kutatas/orvostudomanyi-kutatasok/sz...
      [✓] Mentve: 3x MD + Meta/NLP JSON (Cím: Szívinfarktus, stroke, vérrög? Új kutatás viz)
[761/1187] Letöltés (ID  259 | Origo       ): https://www.origo.hu/kek-hirek/2026/09/kerepesi-temeto-ismeretlen...
      [✓] Mentve: 3x MD + Meta/NLP JSON (Cím: Sokkoló lelet a temetőben: évszázados tragédi)
[762/1187] Letöltés (ID  369 | Nepszava    ): https://nepszava.hu/3332463_marija-zaharova-orban-anita-orosz-dip...
      [✓] Mentve: 3x MD + Meta/NLP JSON (Cím: Oroszgyűlölő lobbit emleget és fájdalmas vála)
[763/1187] Letöltés (ID  520 | 24.hu       ): https://24.hu/tudomany/2026/09/06/faludy-gyorgy-nacik-kommunistak...
      [✓] Mentve: 3x MD + Meta/NLP JSON (Cím: Nagy botrányt kavart Faludy György első kötet)
[764/1187] Letöltés (ID  542 | 24.hu       ): https://sokszinuvidek.24.hu/viragzo-videkunk/2026/09/07/mutacio-t...
      [✓] Mentve: 3x MD + Meta/NLP JSON (Cím: Rendkívül ritka, különleges genetikai mutáció)
[765/1187] Letöltés (ID  264 | Origo       ): https://www.origo.hu/sport/sport-futball/2026/09/szoboszlai-arany...
      [✓] Mentve: 3x MD + Meta/NLP JSON (Cím: Szoboszlai Dominik nincs ott az Aranylabda je)
[766/1187] Letöltés (ID  765 | Blikk       ): https://www.glamour.hu/extra-ajanlo/enido-wellness-momcation-hote...
      [✓] Mentve: 3x MD + Meta/NLP JSON (Cím: Bűntudat nélküli énidő: így néz ki egy őszi c)
[767/1187] Letöltés (ID 1025 | Portfolio   ): https://www.penzcentrum.hu/utazas/20260908/ennyi-volt-a-legkedvel...
      [✓] Mentve: 3x MD + Meta/NLP JSON (Cím: Ennyi volt a legkedveltebb vidéki vendégházak)
[768/1187] Letöltés (ID  330 | Nepszava    ): https://nepszava.hu/3332391_radnai-mark-kozhang-kozmedia-kozteve-...
      [✓] Mentve: 3x MD + Meta/NLP JSON (Cím: Radnai Márk: Ha pár év múlva egy gyerek bekap)
[769/1187] Letöltés (ID 1086 | Portfolio   ): https://www.portfolio.hu/befektetes/20260908/nevet-valtoztat-az-i...
      [✓] Mentve: 3x MD + Meta/NLP JSON (Cím: Nevet változtat az ismert pénzügyi óriás, jó )
[770/1187] Letöltés (ID  487 | 24.hu       ): https://24.hu/belfold/2026/09/07/girincs-emberoles-nagymama-itele...
      [✓] Mentve: 3x MD + Meta/NLP JSON (Cím: Eltaktikázta magát a nagybeteg nagymamáját bo)
[771/1187] Letöltés (ID  269 | Nepszava    ): https://nepszava.hu/3332426_oktatas-pisa-meres-matematika-szovege...
      [✓] Mentve: 3x MD + Meta/NLP JSON (Cím: PISA 2025: matematikából és szövegértésből is)
[772/1187] Letöltés (ID   67 | Origo       ): https://www.origo.hu/auto/2026/09/elektromos-autok-alapveto-teved...
      [✓] Mentve: 3x MD + Meta/NLP JSON (Cím: Elektromos autók: alapvető tévedésben van az )
[773/1187] Letöltés (ID  774 | Blikk       ): https://www.blikk.hu/aktualis/belfold/menza-kozetkeztetes-ujbuda-...
      [✓] Mentve: 3x MD + Meta/NLP JSON (Cím: Újbudán egyelőre nem sikersztori a szabadszed)
[774/1187] Letöltés (ID  960 | Portfolio   ): https://www.portfolio.hu/gazdasag/20260907/itt-a-recept-a-szomsze...
      [✓] Mentve: 3x MD + Meta/NLP JSON (Cím: Itt a recept a szomszédból, hogyan lehetne fe)
[775/1187] Letöltés (ID   22 | Origo       ): https://www.origo.hu/itthon/2026/09/autos-csapat-tamadas-elozes-m...
      [✓] Mentve: 3x MD + Meta/NLP JSON (Cím: Előzés miatt tört ki a balhé: pisztollyal, ka)
[776/1187] Letöltés (ID  697 | Blikk       ): https://www.blikk.hu/aktualis/kulfold/amazon-repulogep-miami-bale...
      [✓] Mentve: 3x MD + Meta/NLP JSON (Cím: Autókkal ütközött az Amazon Prime Air járata,)
[777/1187] Letöltés (ID  585 | 24.hu       ): https://24.hu/kultura/2026/09/08/miller-zoltan-madach-szinhaz-fel...
      [✓] Mentve: 3x MD + Meta/NLP JSON (Cím: Miller Zoltán felmondott a Madách Színháznál)
[778/1187] Letöltés (ID  351 | Nepszava    ): https://nepszava.hu/3332316_viharos-szel-fakidoles-tuzoltok-riasz...
      [✓] Mentve: 3x MD + Meta/NLP JSON (Cím: A viharos szélben több megyében fák dőltek há)
[779/1187] Letöltés (ID 1093 | Portfolio   ): https://www.penzcentrum.hu/vasarlas/20260908/most-kozolte-a-mohu-...
      [✓] Mentve: 3x MD + Meta/NLP JSON (Cím: Most közölte a MOHU, leállás jön a visszavált)
[780/1187] Letöltés (ID  426 | 24.hu       ): https://24.hu/belfold/2026/09/08/angyalfold-gazolas-25-eves-no...
      [✓] Mentve: 3x MD + Meta/NLP JSON (Cím: Életveszélyes állapotban van az Angyalföldön )
[781/1187] Letöltés (ID  260 | Origo       ): https://www.origo.hu/gazdasag/2026/09/kave-kavezo-arak-ksh...
      [✓] Mentve: 3x MD + Meta/NLP JSON (Cím: Otthon olcsóbb lett a kávé, a kávézóban viszo)
[782/1187] Letöltés (ID  305 | Nepszava    ): https://nepszava.hu/3332294_elszamoltatas-nvvh-tisza-ner-hol-elun...
      [✓] Mentve: 3x MD + Meta/NLP JSON (Cím: Most kezdődik az igazi háború a Tisza és a NE)
[783/1187] Letöltés (ID  731 | Blikk       ): https://www.blikk.hu/ferfiaknak/tech/telefon-tolto-kabel-premium-...
      [✓] Mentve: 3x MD + Meta/NLP JSON (Cím: A töltési sebességet nem a kábel ára határozz)
[784/1187] Letöltés (ID  642 | 24.hu       ): https://ng.24.hu/tudomany/2026/09/09/humanoid-robot-verseny-usain...
      [✓] Mentve: 3x MD + Meta/NLP JSON (Cím: Humanoid robot döntötte meg Usain Bolt világr)
[785/1187] Letöltés (ID   81 | Origo       ): https://www.origo.hu/kulpol/2026/09/oroszorszag-putyin-cia-alloma...
      [✓] Mentve: 3x MD + Meta/NLP JSON (Cím: állomásfőnök szerint Putyin rendszere erősebb)
[786/1187] Letöltés (ID  777 | Blikk       ): https://www.blikk.hu/sztarvilag/hazai-sztarok/hazassag-elso-latas...
      [✓] Mentve: 3x MD + Meta/NLP JSON (Cím: Őszintén vallott betegségéről a Házasság első)
[787/1187] Letöltés (ID  968 | Portfolio   ): https://www.portfolio.hu/befektetes/20260907/drasztikus-lepes-tru...
      [✓] Mentve: 3x MD + Meta/NLP JSON (Cím: Drasztikus lépés Trump részéről: kitiltja Ame)
[788/1187] Letöltés (ID  852 | Blikk       ): https://www.blikk.hu/eletmod/tippek/gazok-gyomok-talaj-minoseg/qr...
      [✓] Mentve: 3x MD + Meta/NLP JSON (Cím: Nyolc gyomnövény, ami megmutatja, mi a gond a)
[789/1187] Letöltés (ID   15 | Origo       ): https://www.origo.hu/itthon/2026/09/varga-judit-ai-summit-video-e...
      [✓] Mentve: 3x MD + Meta/NLP JSON (Cím: Varga Judit is megjelent az AI Summit Budapes)
[790/1187] Letöltés (ID  618 | 24.hu       ): https://24.hu/sport/foci/2026/09/08/bajnokok-ligaja-bl-rteal-madr...
      [✓] Mentve: 3x MD + Meta/NLP JSON (Cím: Egyik Mbappé gólt szerzett, a másik pirosat k)
[791/1187] Letöltés (ID  931 | Portfolio   ): https://www.portfolio.hu/global/20260908/200-kilometer-hosszu-ker...
      [✓] Mentve: 3x MD + Meta/NLP JSON (Cím: 200 kilométer hosszú kerítést húzott fel a ha)
[792/1187] Letöltés (ID  536 | 24.hu       ): https://sokszinuvidek.24.hu/kertunk-portank/2026/09/08/mufu-oszi-...
      [✓] Mentve: 3x MD + Meta/NLP JSON (Cím: Műfű őszi telepítése: 20 fok alatt fontos az )
[793/1187] Letöltés (ID  168 | Origo       ): https://www.origo.hu/techbazis/2026/09/gta-6-pontos-megjelenes...
      [✓] Mentve: 3x MD + Meta/NLP JSON (Cím: Kiderült percre pontosan, mikortól játszható )
[794/1187] Letöltés (ID 1164 | Portfolio   ): https://www.portfolio.hu/global/20260909/fogytan-az-ido-a-zord-te...
      [✓] Mentve: 3x MD + Meta/NLP JSON (Cím: Fogytán az idő a zord tél előtt: uniós hitelb)
[795/1187] Letöltés (ID  798 | Blikk       ): https://www.blikk.hu/sport/kulfoldi-foci/gulacsi-peter-bl-bajnoko...
      [✓] Mentve: 3x MD + Meta/NLP JSON (Cím: Gulácsi Péter védhet a BL)
[796/1187] Letöltés (ID  918 | Portfolio   ): https://www.portfolio.hu/unios-forrasok/20260908/megkezdodott-a-n...
      [✓] Mentve: 3x MD + Meta/NLP JSON (Cím: Megkezdődött a nagy uniós pénzkeresés: új bev)
[797/1187] Letöltés (ID  515 | 24.hu       ): https://24.hu/sport/foci/2026/08/31/memphis-depay-corinthians-a-g...
      [✓] Mentve: 3x MD + Meta/NLP JSON (Cím: Egri Viktor: Létezik az a gólpassz, ami eredm)
[798/1187] Letöltés (ID  258 | Origo       ): https://www.origo.hu/itthon/2026/09/vizallas-duna-budapest-torten...
      [✓] Mentve: 3x MD + Meta/NLP JSON (Cím: Történelmi mélyponton a Duna vízállása, Budap)
[799/1187] Letöltés (ID  718 | Blikk       ): https://www.blikk.hu/sztarvilag/hazai-sztarok/boraros-gabor-hossz...
      [✓] Mentve: 3x MD + Meta/NLP JSON (Cím: Boráros Gábor exe jogi lépést fontolgat: "Oká)
[800/1187] Letöltés (ID 1176 | Portfolio   ): https://www.penzcentrum.hu/gazdasag/20260909/megtorpanas-johet-a-...
      [✓] Mentve: 3x MD + Meta/NLP JSON (Cím: Megtorpanás jöhet a magyar tőzsdén: mínuszban)
[801/1187] Letöltés (ID  825 | Blikk       ): https://www.glamour.hu/sztarok/gyorgy-herceg-eton-college-elso-na...
      [✓] Mentve: 3x MD + Meta/NLP JSON (Cím: Történelmi pillanat: középiskolás lett György)
[802/1187] Letöltés (ID   24 | Origo       ): https://www.origo.hu/eletmod/2026/09/fuge-lekvar-sult-fuge-recept...
      [✓] Mentve: 3x MD + Meta/NLP JSON (Cím: Füge: egészségügyi hatások és receptek)
[803/1187] Letöltés (ID  494 | 24.hu       ): https://24.hu/elet-stilus/2026/09/07/hever-gabor-megnosult-eskuvo...
      [✓] Mentve: 3x MD + Meta/NLP JSON (Cím: Hevér Gábor megnősült: „26 éve vagyunk együtt)
[804/1187] Letöltés (ID 1123 | Portfolio   ): https://www.portfolio.hu/gazdasag/20260909/visszatert-a-2022-es-e...
      [✓] Mentve: 3x MD + Meta/NLP JSON (Cím: Visszatért a 2022-es energiaválság réme: több)
[805/1187] Letöltés (ID  137 | Origo       ): https://www.origo.hu/nagyvilag/2026/09/bombariado-iskola-diak-ros...
      [✓] Mentve: 3x MD + Meta/NLP JSON (Cím: Bombariadó miatt ürítették ki az iskolát: 21 )
[806/1187] Letöltés (ID  440 | 24.hu       ): https://24.hu/kulfold/2026/09/07/ukran-hirszerzes-oroszorszag-hab...
      [✓] Mentve: 3x MD + Meta/NLP JSON (Cím: Az ukrán hírszerzés megsaccolta, hány évig le)
[807/1187] Letöltés (ID  700 | Blikk       ): https://www.blikk.hu/aktualis/kulfold/otthon-szaud-arabia-elet-ko...
      [✓] Mentve: 3x MD + Meta/NLP JSON (Cím: Pokol vár az engedetlennek bélyegzett nőkre a)
[808/1187] Letöltés (ID  135 | Origo       ): https://www.origo.hu/sport/sport-futball/2026/09/gulacsi-peter-ue...
      [✓] Mentve: 3x MD + Meta/NLP JSON (Cím: Gulácsi Péter a Bajnokok Ligájában debütálhat)
[809/1187] Letöltés (ID  861 | Blikk       ): https://www.blikk.hu/sport/kulfoldi-foci/bajnokok-ligaja-real-mad...
      [✓] Mentve: 3x MD + Meta/NLP JSON (Cím: Két hiba nem fér bele a Real Madrid otthonába)
[810/1187] Letöltés (ID  663 | 24.hu       ): https://www.noklapja.hu/aktualis/2026/09/09/rendrakas-gyorsan-10-...
      [✓] Mentve: 3x MD + Meta/NLP JSON (Cím: Rendrakás gyorsan: 10 trükk rendezett otthoné)
[811/1187] Letöltés (ID 1033 | Portfolio   ): https://www.agrarszektor.hu/szabalyozas/20260908/fontos-hirt-kapt...
      [✓] Mentve: 3x MD + Meta/NLP JSON (Cím: Fontos hírt kaptak a magyar gazdák: itt a seg)
[812/1187] Letöltés (ID  136 | Origo       ): https://www.origo.hu/teve/2026/09/pamela-andersonnak-oszinten-val...
      [✓] Mentve: 3x MD + Meta/NLP JSON (Cím: 10 évet adtak az orvosok Pamela Andersonnak)
[813/1187] Letöltés (ID  501 | 24.hu       ): https://24.hu/sport/foci/2026/09/08/bajnokok-ligaja-aek-athen-var...
      [✓] Mentve: 3x MD + Meta/NLP JSON (Cím: „Nem vakációzni jöttünk” – Varga Barnabásék i)
[814/1187] Letöltés (ID  840 | Blikk       ): https://www.blikk.hu/sztarvilag/hazai-sztarok/balazs-andi-auto-el...
      [✓] Mentve: 3x MD + Meta/NLP JSON (Cím: Balázs Andi váratlanul árulni kezdte az áloma)
[815/1187] Letöltés (ID 1149 | Portfolio   ): https://www.portfolio.hu/gazdasag/20260908/indul-a-videkfejleszte...
      [✓] Mentve: 3x MD + Meta/NLP JSON (Cím: Indul a vidékfejlesztési program Magyarország)
[816/1187] Letöltés (ID  629 | 24.hu       ): https://24.hu/kultura/2026/09/09/kviz-rumini-berg-judit...
      [✓] Mentve: 3x MD + Meta/NLP JSON (Cím: Kvíz: Zúzmaragyarmattól a Ferrit-szigetig – m)
[817/1187] Letöltés (ID  189 | Origo       ): https://www.origo.hu/belpol/2026/09/takacs-peter-fidesz-tisza-lel...
      [✓] Mentve: 3x MD + Meta/NLP JSON (Cím: Takács Péter: Kormányon már kevés a Fidesz gy)
[818/1187] Letöltés (ID  673 | Blikk       ): https://www.blikk.hu/politika/magyar-politika/feljelentes-szijjar...
      [✓] Mentve: 3x MD + Meta/NLP JSON (Cím: Feljelentették Szijjártót, a rendőrség döntöt)
[819/1187] Letöltés (ID 1003 | Portfolio   ): https://www.portfolio.hu/gazdasag/20260907/ilyen-nem-fordulhat-el...
      [✓] Mentve: 3x MD + Meta/NLP JSON (Cím: „Ilyen nem fordulhat elő" - Sádt Mónika, a NA)
[820/1187] Letöltés (ID  531 | 24.hu       ): https://24.hu/kulfold/2026/09/05/az-oroszok-nem-bombazzak-kijevet...
      [✓] Mentve: 3x MD + Meta/NLP JSON (Cím: Az oroszok nem bombázzák Kijevet, amíg náluk )
[821/1187] Letöltés (ID  769 | Blikk       ): https://www.blikk.hu/politika/magyar-politika/magyar-peter-megyei...
      [✓] Mentve: 3x MD + Meta/NLP JSON (Cím: Magyar Péter szerint feleslegessé váltak a me)
[822/1187] Letöltés (ID   70 | Origo       ): https://www.origo.hu/kultura/2026/09/meghato-pillanatokkal-starto...
      [✓] Mentve: 3x MD + Meta/NLP JSON (Cím: Megható pillanatokkal startolt el a 22. CineF)
[823/1187] Letöltés (ID  957 | Portfolio   ): https://www.portfolio.hu/global/20260907/most-jott-a-bejelentes-k...
      [✓] Mentve: 3x MD + Meta/NLP JSON (Cím: Most jött a bejelentés: komoly döntést hozott)
[824/1187] Letöltés (ID  488 | 24.hu       ): https://24.hu/elet-stilus/2026/09/08/pamela-anderson-betegseg-dia...
      [✓] Mentve: 3x MD + Meta/NLP JSON (Cím: „Azt mondták, körülbelül 10 évem van hátra” –)
[825/1187] Letöltés (ID  783 | Blikk       ): https://www.blikk.hu/sztarvilag/hazai-sztarok/bochkor-gabor-karac...
      [✓] Mentve: 3x MD + Meta/NLP JSON (Cím: Bochkor Gábor visszaszólt Karácsonynak: „Gerg)
[826/1187] Letöltés (ID  994 | Portfolio   ): https://www.portfolio.hu/global/20260907/megjottek-az-adatok-tome...
      [✓] Mentve: 3x MD + Meta/NLP JSON (Cím: Megjöttek az adatok: tömegével küldik haza az)
[827/1187] Letöltés (ID  221 | Origo       ): https://www.origo.hu/teve/2026/09/hazassag-elso-latasra-anastasia...
      [✓] Mentve: 3x MD + Meta/NLP JSON (Cím: Műtétre szorul a Házasság első látásra fiatal)
[828/1187] Letöltés (ID  927 | Portfolio   ): https://www.portfolio.hu/gazdasag/20260907/magyar-peter-bejelente...
      [✓] Mentve: 3x MD + Meta/NLP JSON (Cím: Magyar Péter bejelentette: célzott támogatás )
[829/1187] Letöltés (ID  570 | 24.hu       ): https://24.hu/belfold/2026/09/08/brassoi-sandor-oktatasi-hivatal-...
      [✓] Mentve: 3x MD + Meta/NLP JSON (Cím: Távozik posztjáról az Oktatási Hivatal elnöke)
[830/1187] Letöltés (ID  190 | Origo       ): https://www.origo.hu/sport/sport-futball/2026/09/szoboszlai-domin...
      [✓] Mentve: 3x MD + Meta/NLP JSON (Cím: Szoboszlai Dominik elképesztő mérlege a Bajno)
[831/1187] Letöltés (ID  805 | Blikk       ): https://www.blikk.hu/sztarvilag/filmklikk/hogyan-tudnek-elni-nelk...
      [✓] Mentve: 3x MD + Meta/NLP JSON (Cím: Valkusz Milán is csatlakozik a Hogyan tudnék )
[832/1187] Letöltés (ID  791 | Blikk       ): https://www.blikk.hu/eletmod/egeszseg/kronikus-stressz-5-jele/7n3...
      [✓] Mentve: 3x MD + Meta/NLP JSON (Cím: Így jelez a tested, ha a stressz már átvette )
[833/1187] Letöltés (ID  130 | Origo       ): https://www.origo.hu/belpol/2026/09/bkk-arrivabus-fovaros-karacso...
      [✓] Mentve: 3x MD + Meta/NLP JSON (Cím: BKK: újabb milliárdos számlákat tolnak át jöv)
[834/1187] Letöltés (ID 1002 | Portfolio   ): https://www.portfolio.hu/befektetes/20260907/visszautottek-az-all...
      [✓] Mentve: 3x MD + Meta/NLP JSON (Cím: Visszaütöttek az állampapírok kamatvágásai? E)
[835/1187] Letöltés (ID  510 | 24.hu       ): https://24.hu/sport/foci/2026/09/07/holland-foci-telstar-ifjabb-r...
      [✓] Mentve: 3x MD + Meta/NLP JSON (Cím: Tavaly az élvonalban tartotta csapatát a bünt)
[836/1187] Letöltés (ID  998 | Portfolio   ): https://www.portfolio.hu/gazdasag/20260907/ket-embert-vett-orizet...
      [✓] Mentve: 3x MD + Meta/NLP JSON (Cím: Két embert vett őrizetbe a NAV az NKA-ügyben:)
[837/1187] Letöltés (ID  707 | Blikk       ): https://www.blikk.hu/sport/kulfoldi-foci/red-bull-low-zsolt/wqddf...
      [✓] Mentve: 3x MD + Meta/NLP JSON (Cím: Hatalmas változások a Red Bullnál: ez várhat )
[838/1187] Letöltés (ID  613 | 24.hu       ): https://24.hu/belfold/2026/09/08/gyomro-altalanos-iskola-tolvaj-k...
      [✓] Mentve: 3x MD + Meta/NLP JSON (Cím: Már bűncselekmény miatt nyomoznak az általáno)
[839/1187] Letöltés (ID   71 | Origo       ): https://www.origo.hu/auto/2026/09/luxusauto-10-ev-alatt-ert-fel-a...
      [✓] Mentve: 3x MD + Meta/NLP JSON (Cím: Egy évtized alatt ért fel a luxusautó)
[840/1187] Letöltés (ID  665 | 24.hu       ): https://www.noklapja.hu/aktualis/2026/09/08/futesi-szezon-elotti-...
      [✓] Mentve: 3x MD + Meta/NLP JSON (Cím: Így készülj pénzügyileg a fűtési szezonra)
[841/1187] Letöltés (ID  929 | Portfolio   ): https://www.portfolio.hu/ingatlan/20260908/keszul-a-gazdasagi-kat...
      [✓] Mentve: 3x MD + Meta/NLP JSON (Cím: Készül a gazdasági katasztrófa a világ harmad)
[842/1187] Letöltés (ID  889 | Blikk       ): https://www.glamour.hu/eletmod/jeges-viz-idegrendszer/xdes5j4...
      [✓] Mentve: 3x MD + Meta/NLP JSON (Cím: Ez történne az idegrendszereddel, ha 2 héten )
[843/1187] Letöltés (ID  161 | Origo       ): https://www.origo.hu/teve/2026/09/gyorgy-herceg-uj-iskola-eton-co...
      [✓] Mentve: 3x MD + Meta/NLP JSON (Cím: Úton a felnőtté válás felé: édesapja nyomdoka)
[844/1187] Letöltés (ID  185 | Origo       ): https://www.origo.hu/gazdasag/2026/09/bankkartyas-jegyvasarlas-bk...
      [✓] Mentve: 3x MD + Meta/NLP JSON (Cím: Bankkártyás jegyvásárlás: több budapesti busz)
[845/1187] Letöltés (ID  620 | 24.hu       ): https://24.hu/sport/2026/09/08/kosarlabda-noi-vb-negyeddontos-a-m...
      [✓] Mentve: 3x MD + Meta/NLP JSON (Cím: 40 év után vb-negyeddöntős ismét a magyar női)
[846/1187] Letöltés (ID 1091 | Portfolio   ): https://www.penzcentrum.hu/auto/20260908/megszolalt-vitezy-minisz...
      [✓] Mentve: 3x MD + Meta/NLP JSON (Cím: Megszólalt Vitézy minisztériuma: eldőlt a ked)
[847/1187] Letöltés (ID  685 | Blikk       ): https://www.blikk.hu/eletmod/egeszseg/kave-egeszseg-emesztes-gyom...
      [✓] Mentve: 3x MD + Meta/NLP JSON (Cím: Miért van ilyen jelentős hatása a reggeli káv)
[848/1187] Letöltés (ID  887 | Blikk       ): https://www.glamour.hu/eletmod/eloszoba-targyak-szerencsetlenseg-...
      [✓] Mentve: 3x MD + Meta/NLP JSON (Cím: 5 dolog az előszobában, ami elállja a szerenc)
[849/1187] Letöltés (ID  970 | Portfolio   ): https://www.portfolio.hu/global/20260907/rendkivuli-dontest-hozot...
      [✓] Mentve: 3x MD + Meta/NLP JSON (Cím: Rendkívüli döntést hozott Magyarország szomsz)
[850/1187] Letöltés (ID  437 | 24.hu       ): https://24.hu/kulfold/2026/09/07/fidesz-kdnp-eu-unios-penzek-kove...
      [✓] Mentve: 3x MD + Meta/NLP JSON (Cím: A Fidesz követeli, hogy az EU azonnal adja id)
[851/1187] Letöltés (ID   49 | Origo       ): https://www.origo.hu/tudomany/2026/09/xanthelasma-szemhej-szivinf...
      [✓] Mentve: 3x MD + Meta/NLP JSON (Cím: Xanthelasma: ez a szemhéjon látható jel infar)
[852/1187] Letöltés (ID  463 | 24.hu       ): https://24.hu/sport/2026/09/07/tenisz-us-open-iga-swiatek-cseng-c...
      [✓] Mentve: 3x MD + Meta/NLP JSON (Cím: 5:0-val kezdett, sokkoló vereséget szenvedett)
[853/1187] Letöltés (ID  690 | Blikk       ): https://www.blikk.hu/gazdasag/vasarlas/elelmiszer-arak-adatok-ksh...
      [✓] Mentve: 3x MD + Meta/NLP JSON (Cím: Évtizedek óta nem estek ekkorát az élelmiszer)
[854/1187] Letöltés (ID 1177 | Portfolio   ): https://www.penzcentrum.hu/vilag/20260909/kulonos-engedmenyt-tett...
      [✓] Mentve: 3x MD + Meta/NLP JSON (Cím: Különös engedményt tett Magyarországnak Donal)
[855/1187] Letöltés (ID  256 | Origo       ): https://www.origo.hu/itthon/2026/09/vonat-baleset-kisiklott-baran...
      [✓] Mentve: 3x MD + Meta/NLP JSON (Cím: Fotón a baleset: fának ütközött, majd kisiklo)
[856/1187] Letöltés (ID 1143 | Portfolio   ): https://www.portfolio.hu/global/20260908/ket-oldalrol-szorongatja...
      [✓] Mentve: 3x MD + Meta/NLP JSON (Cím: Két oldalról szorongatják az egyik legnagyobb)
[857/1187] Letöltés (ID  225 | Origo       ): https://www.origo.hu/kek-hirek/2026/09/tuz-tarsashaz-zuglo-stefan...
      [✓] Mentve: 3x MD + Meta/NLP JSON (Cím: Videón a hatalmas zuglói tűz: gyerekekkel és )
[858/1187] Letöltés (ID  788 | Blikk       ): https://www.blikk.hu/sztarvilag/hazai-sztarok/rubint-reka-ifj-sch...
      [✓] Mentve: 3x MD + Meta/NLP JSON (Cím: 21 éves lett ifjabb Schóbert Norbi: így köszö)
[859/1187] Letöltés (ID  509 | 24.hu       ): https://24.hu/sport/2026/09/07/nagy-adam-kezilabda-gyongyos-prove...
      [✓] Mentve: 3x MD + Meta/NLP JSON (Cím: „Biztos, hogy nehéz lesz” – a francia élvonal)
[860/1187] Letöltés (ID  456 | 24.hu       ): https://24.hu/belfold/2026/09/07/migracios-paktum-magyar-peter...
      [✓] Mentve: 3x MD + Meta/NLP JSON (Cím: Miért hangzik Magyar Péter Orbán Viktornak, h)
[861/1187] Letöltés (ID 1067 | Portfolio   ): https://www.portfolio.hu/gazdasag/20260908/lazar-janos-tobb-mint-...
      [✓] Mentve: 3x MD + Meta/NLP JSON (Cím: Lázár János több mint tíz éves titkára derült)
[862/1187] Letöltés (ID  175 | Origo       ): https://www.origo.hu/kulpol/2026/09/orosz-diplomata-kiutasit-orba...
      [✓] Mentve: 3x MD + Meta/NLP JSON (Cím: Orbán Anita tíz orosz diplomatát utasít ki Ma)
[863/1187] Letöltés (ID  779 | Blikk       ): https://www.blikk.hu/politika/magyar-politika/magyar-peter-fizete...
      [✓] Mentve: 3x MD + Meta/NLP JSON (Cím: Csökkentették Magyar Péter fizetését, vége a )
[864/1187] Letöltés (ID  851 | Blikk       ): https://www.blikk.hu/eletmod/lelek/asztrologusok-szeptember-10-va...
      [✓] Mentve: 3x MD + Meta/NLP JSON (Cím: én különleges energiák szabadulnak fel: itt a)
[865/1187] Letöltés (ID  178 | Origo       ): https://www.origo.hu/itthon/2026/09/pisa-felmeres-magyar-diakok-s...
      [✓] Mentve: 3x MD + Meta/NLP JSON (Cím: felmérések alapján jelentősen romlott a magya)
[866/1187] Letöltés (ID  924 | Portfolio   ): https://www.portfolio.hu/global/20260904/megmozdulhat-a-vilag-egy...
      [✓] Mentve: 3x MD + Meta/NLP JSON (Cím: Megmozdulhat a világ egyik legerősebb hadsere)
[867/1187] Letöltés (ID  562 | 24.hu       ): https://24.hu/belfold/2026/09/08/racz-andras-orosz-diplomatak-kiu...
      [✓] Mentve: 3x MD + Meta/NLP JSON (Cím: Rácz András: Diplomáciai fedésben dolgozó hír)
[868/1187] Letöltés (ID 1078 | Portfolio   ): https://www.portfolio.hu/global/20260908/hosszasan-dicsekszik-mos...
      [✓] Mentve: 3x MD + Meta/NLP JSON (Cím: Hosszasan dicsekszik Moszkva: amint távoztak )
[869/1187] Letöltés (ID  835 | Blikk       ): https://www.blikk.hu/sztarvilag/hazai-sztarok/polgar-judit-magyar...
      [✓] Mentve: 3x MD + Meta/NLP JSON (Cím: Polgár Judit vallomása a Magyar Péterrel való)
[870/1187] Letöltés (ID  589 | 24.hu       ): https://24.hu/elet-stilus/2026/09/08/valkusz-milan-hogyan-tudnek-...
      [✓] Mentve: 3x MD + Meta/NLP JSON (Cím: A ValMar duó is képviselteti magát a Hogyan t)
[871/1187] Letöltés (ID  159 | Origo       ): https://www.origo.hu/teve/2026/09/x-faktor-megasztar-tv2-rtl...
      [✓] Mentve: 3x MD + Meta/NLP JSON (Cím: Faktorral tudta felvenni a versenyt a TV2)
[872/1187] Letöltés (ID  828 | Blikk       ): https://www.glamour.hu/sztarok/millie-bobby-brown-csaladi-foto/c5...
      [✓] Mentve: 3x MD + Meta/NLP JSON (Cím: Édes családi fotót osztott meg Millie Bobby B)
[873/1187] Letöltés (ID 1035 | Portfolio   ): https://www.agrarszektor.hu/noveny/20260908/bizonytalan-a-helyzet...
      [✓] Mentve: 3x MD + Meta/NLP JSON (Cím: Bizonytalan a helyzet a hollandoknál: ezt a n)
[874/1187] Letöltés (ID  530 | 24.hu       ): https://24.hu/kulfold/2026/09/07/elszamoltatas-nvvh-unger-hamran...
      [✓] Mentve: 3x MD + Meta/NLP JSON (Cím: Volt szlovák rendőrfőkapitány: Két év is elég)
[875/1187] Letöltés (ID    8 | Origo       ): https://www.origo.hu/itthon/2026/09/szell-kalman-magyar-orvosprof...
      [✓] Mentve: 3x MD + Meta/NLP JSON (Cím: 100 éves korában meghalt dr. Széll Kálmán, a )
[876/1187] Letöltés (ID  661 | 24.hu       ): https://marieclaire.hu/egeszseg/2026/09/09/alzheimer-kor-szerette...
      [✓] Mentve: 3x MD + Meta/NLP JSON (Cím: Ezért nem ismerhetik fel szeretteiket az Alzh)
[877/1187] Letöltés (ID  936 | Portfolio   ): https://www.portfolio.hu/gazdasag/20260907/tudnak-meg-meglepetest...
      [✓] Mentve: 3x MD + Meta/NLP JSON (Cím: Tudnak még meglepetést okozni a magyar árak? )
[878/1187] Letöltés (ID  713 | Blikk       ): https://www.egeszsegkalauz.hu/kutatas/cukorbetegseg-sziv-gyogysze...
      [✓] Mentve: 3x MD + Meta/NLP JSON (Cím: Ritka, de életveszélyes állapotot idézhet elő)
[879/1187] Letöltés (ID  128 | Origo       ): https://www.origo.hu/itthon/2026/09/farkas-bertalan-feleseg-gyasz...
      [✓] Mentve: 3x MD + Meta/NLP JSON (Cím: Elhunyt Farkas Bertalan felesége)
[880/1187] Letöltés (ID   73 | Origo       ): https://www.origo.hu/nagyvilag/2026/09/ausztralia-legidosebb-noje...
      [✓] Mentve: 3x MD + Meta/NLP JSON (Cím: Ausztrália legidősebb nője 112 éves korában m)
[881/1187] Letöltés (ID  710 | Blikk       ): https://www.blikk.hu/sport/kulfoldi-foci/varga-barnabas-bajnokok-...
      [✓] Mentve: 3x MD + Meta/NLP JSON (Cím: Varga Barnabás 31 évesen robbanhat be a Bajno)
[882/1187] Letöltés (ID  580 | 24.hu       ): https://24.hu/tech/2026/09/08/oregedes-lassitas-gyogyszer-mesters...
      [✓] Mentve: 3x MD + Meta/NLP JSON (Cím: Lassíthatja az öregedést ez a mesterséges int)
[883/1187] Letöltés (ID 1046 | Portfolio   ): https://www.portfolio.hu/gazdasag/20260908/kiszamithatosagra-es-s...
      [✓] Mentve: 3x MD + Meta/NLP JSON (Cím: Kiszámíthatóságra és sokkal több tudatosságra)
[884/1187] Letöltés (ID   27 | Origo       ): https://www.origo.hu/teve/2026/09/farm-vip-horanyi-juli-beci-safr...
      [✓] Mentve: 3x MD + Meta/NLP JSON (Cím: Újabb Farm VIP balhé: Young G Béci kemény jel)
[885/1187] Letöltés (ID  590 | 24.hu       ): https://24.hu/elet-stilus/2026/09/08/harry-herceg-meghan-markle-k...
      [✓] Mentve: 3x MD + Meta/NLP JSON (Cím: Harry herceg és Meghan Markle meglepődtek, ho)
[886/1187] Letöltés (ID  869 | Blikk       ): https://www.blikk.hu/sztarvilag/hazai-sztarok/stohl-andras-nagy-o...
      [✓] Mentve: 3x MD + Meta/NLP JSON (Cím: Különleges emléket őriz Stohl Andrásról a Nag)
[887/1187] Letöltés (ID  959 | Portfolio   ): https://www.portfolio.hu/bank/20260907/kapitany-istvan-feljelente...
      [✓] Mentve: 3x MD + Meta/NLP JSON (Cím: Kapitány István: feljelentést tesz a miniszté)
[888/1187] Letöltés (ID  142 | Origo       ): https://www.origo.hu/sport/sport-futball/2026/09/kubatov-gabor-fr...
      [✓] Mentve: 3x MD + Meta/NLP JSON (Cím: Kubatov Gábor felszólítást tett közé, ez nem )
[889/1187] Letöltés (ID 1023 | Portfolio   ): https://www.portfolio.hu/uzlet/20260904/a-kokorszakkal-versenyzun...
      [✓] Mentve: 3x MD + Meta/NLP JSON (Cím: "A kőkorszakkal versenyzünk" – magyar technol)
[890/1187] Letöltés (ID  555 | 24.hu       ): https://marieclaire.hu/napi-uzenet/2026/09/08/napi-uzenet-kedd-20...
      [✓] Mentve: 3x MD + Meta/NLP JSON (Cím: Napi üzenet kedd – 2026. 09. 08.)
[891/1187] Letöltés (ID  878 | Blikk       ): https://www.kiskegyed.hu/eletmod/alma-tarolasa-egesz-telen/whq1vz...
      [✓] Mentve: 3x MD + Meta/NLP JSON (Cím: A nagyi trükkjével tárold az almát, hogy egés)
[892/1187] Letöltés (ID  822 | Blikk       ): https://www.egeszsegkalauz.hu/eletmodorvoslas/taplalkozas/kave-re...
      [✓] Mentve: 3x MD + Meta/NLP JSON (Cím: Éhgyomorra kávézik? Ezt teszi a gyomrával és )
[893/1187] Letöltés (ID  603 | 24.hu       ): https://24.hu/belfold/2026/09/09/lopott-festmeny-agrarminiszteriu...
      [✓] Mentve: 3x MD + Meta/NLP JSON (Cím: 14 éve ellopott festménnyel a hóna alatt sétá)
[894/1187] Letöltés (ID   66 | Origo       ): https://www.origo.hu/eletmod/2026/09/muveltsegi-kviz-tudas-2...
      [✓] Mentve: 3x MD + Meta/NLP JSON (Cím: Műveltségi kvíz: a legokosabbak tudják kitölt)
[895/1187] Letöltés (ID  954 | Portfolio   ): https://www.portfolio.hu/befektetes/20260908/megorulnek-a-befekte...
      [✓] Mentve: 3x MD + Meta/NLP JSON (Cím: Megőrülnek a befektetők ezért az európai AI-c)
[896/1187] Letöltés (ID 1150 | Portfolio   ): https://www.portfolio.hu/global/20260908/varatlan-bejelentes-mar-...
      [✓] Mentve: 3x MD + Meta/NLP JSON (Cím: Váratlan bejelentés: már a sorozatgyártásra k)
[897/1187] Letöltés (ID  233 | Origo       ): https://www.origo.hu/sport/f1/2026/09/lewis-hamilton-ferrari-kaos...
      [✓] Mentve: 3x MD + Meta/NLP JSON (Cím: Lewis Hamiltonék főnökét kirúghatják, káosz a)
[898/1187] Letöltés (ID  609 | 24.hu       ): https://24.hu/kulfold/2026/09/09/iran-usa-tamadas-jordania-szaud-...
      [✓] Mentve: 3x MD + Meta/NLP JSON (Cím: Szélesedik a háború: már amerikai hajókat is )
[899/1187] Letöltés (ID  709 | Blikk       ): https://www.blikk.hu/sport/focista-halalos-mereg-feltekenyseg-ren...
      [✓] Mentve: 3x MD + Meta/NLP JSON (Cím: Szerelemféltésből gyilkolhatta meg csapattárs)
[900/1187] Letöltés (ID 1056 | Portfolio   ): https://www.portfolio.hu/unios-forrasok/20260908/nem-csodatevo-va...
      [✓] Mentve: 3x MD + Meta/NLP JSON (Cím: Nem csodatevő varázsszer az EU-pénz – az IMF )
[901/1187] Letöltés (ID   60 | Origo       ): https://www.origo.hu/tudomany/2026/09/tonhalak-parazitai-fergek-v...
      [✓] Mentve: 3x MD + Meta/NLP JSON (Cím: Tonhalak parazitái: férgeket találtak a vizsg)
[902/1187] Letöltés (ID  632 | 24.hu       ): https://sokszinuvidek.24.hu/kertunk-portank/2026/09/09/szilva-hus...
      [✓] Mentve: 3x MD + Meta/NLP JSON (Cím: Barnul a szilva húsa? Elárulta a növényorvos,)
[903/1187] Letöltés (ID  767 | Blikk       ): https://www.glamour.hu/extra-ajanlo/utcai-zaklatatas-felismeres-t...
      [✓] Mentve: 3x MD + Meta/NLP JSON (Cím: Te felismernél egy utcai zaklatást? 8 kérdés )
[904/1187] Letöltés (ID   41 | Origo       ): https://www.origo.hu/nagyvilag/2026/09/betegseg-csecsemo-halal...
      [✓] Mentve: 3x MD + Meta/NLP JSON (Cím: Betegsége miatt 83 napot töltött kórházban mi)
[905/1187] Letöltés (ID  445 | 24.hu       ): https://24.hu/fn/gazdasag/2026/09/07/kapitany-feljelentes-tiborcz...
      [✓] Mentve: 3x MD + Meta/NLP JSON (Cím: Kapitány István feljelentést tesz a Tiborcz-f)
[906/1187] Letöltés (ID  858 | Blikk       ): https://www.blikk.hu/gazdasag/vasarlas/turbo-tango-uditoital-spra...
      [✓] Mentve: 3x MD + Meta/NLP JSON (Cím: Közel 15 év után újra piacra dobták az ikonik)
[907/1187] Letöltés (ID  990 | Portfolio   ): https://www.portfolio.hu/uzlet/20260906/a-kovetkezo-kulcsfontossa...
      [✓] Mentve: 3x MD + Meta/NLP JSON (Cím: A következő kulcsfontosságú „nyersanyag” nem )
[908/1187] Letöltés (ID  484 | 24.hu       ): https://24.hu/belfold/2026/09/08/eger-talalt-bankkartya-vademeles...
      [✓] Mentve: 3x MD + Meta/NLP JSON (Cím: Odaadta a talált bankkártyát húgának, aki még)
[909/1187] Letöltés (ID 1064 | Portfolio   ): https://www.portfolio.hu/global/20260908/megjott-a-figyelmeztetes...
      [✓] Mentve: 3x MD + Meta/NLP JSON (Cím: Megjött a figyelmeztetés: bármikor összeomolh)
[910/1187] Letöltés (ID  680 | Blikk       ): https://www.blikk.hu/sztarvilag/hazai-sztarok/polgar-arpad-forgac...
      [✓] Mentve: 3x MD + Meta/NLP JSON (Cím: Polgár Árpád sírva fakadt a kamerák előtt For)
[911/1187] Letöltés (ID  171 | Origo       ): https://www.origo.hu/auto/2026/09/dacia-egesz-autoszeru-lett-a-sp...
      [✓] Mentve: 3x MD + Meta/NLP JSON (Cím: Egész autószerű lett a Dacia Spring új generá)
[912/1187] Letöltés (ID  439 | 24.hu       ): https://24.hu/fn/gazdasag/2026/09/08/frittmann-szolotermes-aszaly...
      [✓] Mentve: 3x MD + Meta/NLP JSON (Cím: Sztárborász: Az idei az elmúlt fél évszázad l)
[913/1187] Letöltés (ID   68 | Origo       ): https://www.origo.hu/tudomany/2026/09/hosszu-elet-titka-feherje-k...
      [✓] Mentve: 3x MD + Meta/NLP JSON (Cím: A hosszú élet titka lehet a mérsékeltebb fehé)
[914/1187] Letöltés (ID 1175 | Portfolio   ): https://www.penzcentrum.hu/gazdasag/20260909/rendkivuli-lepesre-k...
      [✓] Mentve: 3x MD + Meta/NLP JSON (Cím: Rendkívüli lépésre készül az MNB: több mint 2)
[915/1187] Letöltés (ID  797 | Blikk       ): https://www.blikk.hu/sport/magyar-foci/nb-ii-diosgyor-feczko-tama...
      [✓] Mentve: 3x MD + Meta/NLP JSON (Cím: Születésnapos edzőt nevezett ki az NB II)
[916/1187] Letöltés (ID  539 | 24.hu       ): https://sokszinuvidek.24.hu/otthon-keszult/2026/09/07/lecso-cukki...
      [✓] Mentve: 3x MD + Meta/NLP JSON (Cím: Unod a hagyományos lecsót? Ezzel a két zöldsé)
[917/1187] Letöltés (ID  884 | Blikk       ): https://www.egeszsegkalauz.hu/hirek/nyirokmasszazs-nyirokodema-ve...
      [✓] Mentve: 3x MD + Meta/NLP JSON (Cím: Súlyos problémákat, sebeket okozhat, ha nem m)
[918/1187] Letöltés (ID  165 | Origo       ): https://www.origo.hu/sport/sport-futball/2026/09/borussia-dortmun...
      [✓] Mentve: 3x MD + Meta/NLP JSON (Cím: Villarreal: Gulácsi Péter első számú kapus le)
[919/1187] Letöltés (ID 1020 | Portfolio   ): https://www.portfolio.hu/gazdasag/20260901/nagy-valtas-jon-a-cege...
      [✓] Mentve: 3x MD + Meta/NLP JSON (Cím: Nagy váltás jön a cégeknél: a vezetőknek már )
[920/1187] Letöltés (ID  199 | Origo       ): https://www.origo.hu/teve/2026/09/sztarban-sztar-takacs-nikolas...
      [✓] Mentve: 3x MD + Meta/NLP JSON (Cím: A Sztárban Sztár a nagy visszatérést jelenti )
[921/1187] Letöltés (ID 1100 | Portfolio   ): https://www.agrarszektor.hu/noveny/20260908/olyan-lehules-lesz-am...
      [✓] Mentve: 3x MD + Meta/NLP JSON (Cím: Olyan lehűlés lesz, amilyen már rég volt Magy)
[922/1187] Letöltés (ID  732 | Blikk       ): https://www.blikk.hu/ferfiaknak/tech/szemelyre-szabott-idojaras-e...
      [✓] Mentve: 3x MD + Meta/NLP JSON (Cím: es pontossággal bárkinek előrejelzi az időjár)
[923/1187] Letöltés (ID  548 | 24.hu       ): https://firstclass.hu/life/2026/09/02/erre-figyelj-ha-ujra-edzeni...
      [✓] Mentve: 3x MD + Meta/NLP JSON (Cím: Erre figyelj, ha újra edzeni kezdesz)
[924/1187] Letöltés (ID  205 | Origo       ): https://www.origo.hu/nagyvilag/2026/09/tung-chee-hwa-hongkong-els...
      [✓] Mentve: 3x MD + Meta/NLP JSON (Cím: hwa, Hongkong első vezetője 89 éves korában m)
[925/1187] Letöltés (ID  895 | Blikk       ): https://www.kiskegyed.hu/most-tortenik/hidegfront-eso-terkep-idoj...
      [✓] Mentve: 3x MD + Meta/NLP JSON (Cím: Itt a nagy esőtérkép: mutatjuk, hol mennyi cs)
[926/1187] Letöltés (ID 1182 | Portfolio   ): https://www.agrarszektor.hu/noveny/20260909/friss-agrarszektor-id...
      [✓] Mentve: 3x MD + Meta/NLP JSON (Cím: Friss! Agrárszektor időjárás előrejelzés: 202)
[927/1187] Letöltés (ID  640 | 24.hu       ): https://24.hu/sport/2026/09/08/atletikai-vilagdonto-armand-duplan...
      [✓] Mentve: 3x MD + Meta/NLP JSON (Cím: Duplantis hátfájdalma elmúlt, indul a budapes)
[928/1187] Letöltés (ID  778 | Blikk       ): https://www.blikk.hu/politika/magyar-politika/szuverenitasvedelmi...
      [✓] Mentve: 3x MD + Meta/NLP JSON (Cím: ünnepség: erre költöztt a Szuverenitásvédelmi)
[929/1187] Letöltés (ID  941 | Portfolio   ): https://www.portfolio.hu/uzlet/20260908/raszall-a-hatosag-a-magya...
      [✓] Mentve: 3x MD + Meta/NLP JSON (Cím: Rászáll a hatóság a magyar nyugdíjasházakra, )
[930/1187] Letöltés (ID  574 | 24.hu       ): https://24.hu/belfold/2026/09/08/miskolc-online-csalas-milliok...
      [✓] Mentve: 3x MD + Meta/NLP JSON (Cím: 26 204 dollárt mutatott a miskolci férfi egye)
[931/1187] Letöltés (ID  265 | Origo       ): https://www.origo.hu/sport/sport-futball/2026/09/bajnokok-ligaja-...
      [✓] Mentve: 3x MD + Meta/NLP JSON (Cím: Merész fotókon a Bajnokok Ligája háziasszonya)
[932/1187] Letöltés (ID  863 | Blikk       ): https://www.blikk.hu/sport/noi-kosarlabda-valogatott-vilagbajnoks...
      [✓] Mentve: 3x MD + Meta/NLP JSON (Cím: „Egy kis ország nagy sikere” – Örömmámorban ú)
[933/1187] Letöltés (ID   33 | Origo       ): https://www.origo.hu/teve/2026/09/hazassag-elso-latasra-joci-petr...
      [✓] Mentve: 3x MD + Meta/NLP JSON (Cím: A Házasság első látásra Jocija egy korábbi sz)
[934/1187] Letöltés (ID  650 | 24.hu       ): https://sokszinuvidek.24.hu/kertunk-portank/2026/09/09/krizantem-...
      [✓] Mentve: 3x MD + Meta/NLP JSON (Cím: Így válassz és gondozz krizantémot, hogy hete)
[935/1187] Letöltés (ID 1069 | Portfolio   ): https://www.portfolio.hu/gazdasag/20260908/lemondott-brassoi-sand...
      [✓] Mentve: 3x MD + Meta/NLP JSON (Cím: Lemondott Brassói Sándor, az Oktatási Hivatal)
[936/1187] Letöltés (ID 1118 | Portfolio   ): https://www.portfolio.hu/global/20260908/kuszobon-a-tamadas-ellep...
      [✓] Mentve: 3x MD + Meta/NLP JSON (Cím: Küszöbön a támadás: ellepik a bunkerek a feny)
[937/1187] Letöltés (ID  234 | Origo       ): https://www.origo.hu/itthon/2026/09/eurojackpot-nyeroszamok-szept...
      [✓] Mentve: 3x MD + Meta/NLP JSON (Cím: Ez aztán a szerencse: öten nyertek közel negy)
[938/1187] Letöltés (ID  466 | 24.hu       ): https://sokszinuvidek.24.hu/viragzo-videkunk/2026/09/07/kilato-lo...
      [✓] Mentve: 3x MD + Meta/NLP JSON (Cím: Lódarazsak támadtak több alkalommal kiránduló)
[939/1187] Letöltés (ID  883 | Blikk       ): https://www.egeszsegkalauz.hu/tunet/csipofajdalom-oka-in-tompor/9...
      [✓] Mentve: 3x MD + Meta/NLP JSON (Cím: Fáj a csípője, amikor az oldalán alszik? Nem )
[940/1187] Letöltés (ID  880 | Blikk       ): https://www.kiskegyed.hu/most-tortenik/egy-ora-alatt-lehullott-10...
      [✓] Mentve: 3x MD + Meta/NLP JSON (Cím: 136 éve nem látott csapadékmennyiség hullott )
[941/1187] Letöltés (ID  983 | Portfolio   ): https://www.portfolio.hu/podcast/20260902/lejton-a-forint-ujra-it...
      [✓] Mentve: 3x MD + Meta/NLP JSON (Cím: Lejtőn a forint - Újra itt a gyengülési trend)
[942/1187] Letöltés (ID  652 | 24.hu       ): https://sokszinuvidek.24.hu/viragzo-videkunk/2026/09/08/parlagfu-...
      [✓] Mentve: 3x MD + Meta/NLP JSON (Cím: Csúcson a parlagfűszezon: ezt az 5 dolgot érd)
[943/1187] Letöltés (ID   72 | Origo       ): https://www.origo.hu/teve/2026/09/megasztar-herceg-erikat-visszau...
      [✓] Mentve: 3x MD + Meta/NLP JSON (Cím: Megasztár: Herceg Erikát visszautasította az )
[944/1187] Letöltés (ID  875 | Blikk       ): https://www.blikk.hu/galeria/vizilabda-ferencvaros/qbv54qr...
      [✓] Mentve: 3x MD + Meta/NLP JSON (Cím: Készen állnak az újabb nagy sikerekre a Feren)
[945/1187] Letöltés (ID  955 | Portfolio   ): https://www.portfolio.hu/unios-forrasok/20260908/jonnek-az-uj-koz...
      [✓] Mentve: 3x MD + Meta/NLP JSON (Cím: Jönnek az új közbeszerzési szabályok, átcsatá)
[946/1187] Letöltés (ID  630 | 24.hu       ): https://24.hu/sport/foci/2026/09/09/angol-foci-premier-league-liv...
      [✓] Mentve: 3x MD + Meta/NLP JSON (Cím: Mac Allister szomorú, amiért Szoboszlaiék már)
[947/1187] Letöltés (ID  224 | Origo       ): https://www.origo.hu/filmklub/2026/09/amerikai-pite-szereplok-202...
      [✓] Mentve: 3x MD + Meta/NLP JSON (Cím: Így néznek ki most az Amerikai pite szereplői)
[948/1187] Letöltés (ID  586 | 24.hu       ): https://24.hu/sport/foci/2026/09/08/revesz-attila-labdarugo-nb-i-...
      [✓] Mentve: 3x MD + Meta/NLP JSON (Cím: „Ez a bajnokság lényegesen gyengébb, mint a t)
[949/1187] Letöltés (ID  232 | Origo       ): https://www.origo.hu/nagyvilag/2026/09/emberi-koponya-john-wayne-...
      [✓] Mentve: 3x MD + Meta/NLP JSON (Cím: Emberi koponyák kerültek elő egy zaklatással )
[950/1187] Letöltés (ID  872 | Blikk       ): https://www.blikk.hu/ferfiaknak/tech/parkapcsolat-dinamikai-model...
      [✓] Mentve: 3x MD + Meta/NLP JSON (Cím: Matek és AI a szerelemben: így jósolható meg )
[951/1187] Letöltés (ID  992 | Portfolio   ): https://www.portfolio.hu/gazdasag/20260905/a-tengerbe-vagy-a-fold...
      [✓] Mentve: 3x MD + Meta/NLP JSON (Cím: A tengerbe vagy a föld alá az adatközpontokka)
[952/1187] Letöltés (ID 1094 | Portfolio   ): https://www.penzcentrum.hu/sport/20260908/megint-lebukott-a-repul...
      [✓] Mentve: 3x MD + Meta/NLP JSON (Cím: Megint lebukott a repülőtéren a legendás F1-v)
[953/1187] Letöltés (ID  104 | Origo       ): https://www.origo.hu/sport/sport-futball/2026/09/barcelona-la-lig...
      [✓] Mentve: 3x MD + Meta/NLP JSON (Cím: A Barcelona kemény figyelmeztetést küldött a )
[954/1187] Letöltés (ID  845 | Blikk       ): https://www.blikk.hu/sztarvilag/hazai-sztarok/jakupcsek-gabriella...
      [✓] Mentve: 3x MD + Meta/NLP JSON (Cím: Jakupcsek Gabriella drámai vallomást tett gye)
[955/1187] Letöltés (ID  461 | 24.hu       ): https://24.hu/sport/2026/09/07/kosarlabda-noi-vilagbajnoksag-magy...
      [✓] Mentve: 3x MD + Meta/NLP JSON (Cím: Szinte végig vezetve nyert, csoportmásodikkén)
[956/1187] Letöltés (ID  611 | 24.hu       ): https://24.hu/belfold/2026/09/08/nagy-gergely-miklos-megosztva-ny...
      [✓] Mentve: 3x MD + Meta/NLP JSON (Cím: Nagy Gergely Miklós megosztva nyerte a MÚOSZ )
[957/1187] Letöltés (ID 1114 | Portfolio   ): https://www.portfolio.hu/gazdasag/20260909/ertekes-vizbazist-enge...
      [✓] Mentve: 3x MD + Meta/NLP JSON (Cím: Értékes vízbázist enged el Magyarország: több)
[958/1187] Letöltés (ID  107 | Origo       ): https://www.origo.hu/sport/sport-futball/2026/09/dvtk-elnok-santh...
      [✓] Mentve: 3x MD + Meta/NLP JSON (Cím: DVTK: lemondott az elnök, Sántha Gergely)
[959/1187] Letöltés (ID  807 | Blikk       ): https://www.blikk.hu/sztarvilag/hazai-sztarok/herceg-erika-vegzet...
      [✓] Mentve: 3x MD + Meta/NLP JSON (Cím: Kiderült, mi Herceg Erika végzettsége valójáb)
[960/1187] Letöltés (ID  720 | Blikk       ): https://www.blikk.hu/sztarvilag/hazai-sztarok/ordog-nora-szuletes...
      [✓] Mentve: 3x MD + Meta/NLP JSON (Cím: 45 éves lett Ördög Nóra, ilyen volt, ilyen le)
[961/1187] Letöltés (ID  996 | Portfolio   ): https://www.portfolio.hu/global/20260907/kimondta-az-ukran-szaker...
      [✓] Mentve: 3x MD + Meta/NLP JSON (Cím: Kimondta az ukrán szakértő: ezért esélytelen )
[962/1187] Letöltés (ID  565 | 24.hu       ): https://24.hu/belfold/2026/09/08/miniszterelnokseg-feljelentes-sz...
      [✓] Mentve: 3x MD + Meta/NLP JSON (Cím: Milliárdok drónshow-ra, videókra, vitaestekre)
[963/1187] Letöltés (ID  212 | Origo       ): https://www.origo.hu/teve/2026/09/sztarban-sztar-zsuri-papp-szabi...
      [✓] Mentve: 3x MD + Meta/NLP JSON (Cím: A Sztárban Sztár zsűritagja ezért nem vállalt)
[964/1187] Letöltés (ID  582 | 24.hu       ): https://24.hu/sport/2026/09/08/noi-kosarlabda-vb-tuzriado-magyar-...
      [✓] Mentve: 3x MD + Meta/NLP JSON (Cím: Megint tűzriadó volt abban a szállodában, aho)
[965/1187] Letöltés (ID  197 | Origo       ): https://www.origo.hu/sport/sport-egyeni/2026/09/atletikai-vilagdo...
      [✓] Mentve: 3x MD + Meta/NLP JSON (Cím: Rendhagyó versenyt rendeznek a budapesti atlé)
[966/1187] Letöltés (ID  744 | Blikk       ): https://www.kiskegyed.hu/eletmod/fokhagyma-tarolas/3ntdws0...
      [✓] Mentve: 3x MD + Meta/NLP JSON (Cím: Soha többé kicsírázott gerezdek: így kell tár)
[967/1187] Letöltés (ID 1139 | Portfolio   ): https://www.portfolio.hu/global/20260908/megszolalt-a-pentagon-ke...
      [✓] Mentve: 3x MD + Meta/NLP JSON (Cím: Megszólalt a Pentagon képviselője: érdemes ho)
[968/1187] Letöltés (ID   92 | Origo       ): https://www.origo.hu/sport/sport-futball/2026/09/fradi-ujpest-tel...
      [✓] Mentve: 3x MD + Meta/NLP JSON (Cím: A Telekom üzent a Fradi)
[969/1187] Letöltés (ID  881 | Blikk       ): https://www.egeszsegkalauz.hu/tunet/karikas-szem-folt-betegseg-je...
      [✓] Mentve: 3x MD + Meta/NLP JSON (Cím: Lila foltok jelentek meg a szeme körül? Ez le)
[970/1187] Letöltés (ID  952 | Portfolio   ): https://www.portfolio.hu/podcast/20260901/uj-szakaszba-lep-trump-...
      [✓] Mentve: 3x MD + Meta/NLP JSON (Cím: Új szakaszba lép Trump legnagyobb katasztrófá)
[971/1187] Letöltés (ID  647 | 24.hu       ): https://24.hu/kulfold/2026/09/08/usa-haboru-ukrajna...
      [✓] Mentve: 3x MD + Meta/NLP JSON (Cím: Amerika elhúzódó ukrajnai háborúra számít)
[972/1187] Letöltés (ID  695 | Blikk       ): https://www.blikk.hu/politika/magyar-politika/orszagos-onkologiai...
      [✓] Mentve: 3x MD + Meta/NLP JSON (Cím: Megszólalt az Onkológiai Intézet menesztett f)
[973/1187] Letöltés (ID  538 | 24.hu       ): https://sokszinuvidek.24.hu/viragzo-videkunk/2026/09/07/szarazsag...
      [✓] Mentve: 3x MD + Meta/NLP JSON (Cím: Meteorológia: minden idők legszárazabb nyara )
[974/1187] Letöltés (ID 1019 | Portfolio   ): https://www.portfolio.hu/gazdasag/20260901/tejvalsag-aszaly-eros-...
      [✓] Mentve: 3x MD + Meta/NLP JSON (Cím: Tejválság, aszály, erős forint, szakmai vs. p)
[975/1187] Letöltés (ID   38 | Origo       ): https://www.origo.hu/eletmod/2026/09/karomkodas-ellen-ovodas-korb...
      [✓] Mentve: 3x MD + Meta/NLP JSON (Cím: Káromkodás óvodás korban: íme 1 zseniális tip)
[976/1187] Letöltés (ID  251 | Origo       ): https://www.origo.hu/auto/2026/09/kisauto-kiprobaltuk-feje-teteje...
      [✓] Mentve: 3x MD + Meta/NLP JSON (Cím: Kipróbáltuk azt a kisautót, ami a feje tetejé)
[977/1187] Letöltés (ID  747 | Blikk       ): https://www.kiskegyed.hu/most-tortenik/farkashazi-reka-korhaz/nd5...
      [✓] Mentve: 3x MD + Meta/NLP JSON (Cím: Farkasházi Réka kórázba került)
[978/1187] Letöltés (ID  643 | 24.hu       ): https://ng.24.hu/termeszet/2026/09/08/macska-kommunikacio-vizelet...
      [✓] Mentve: 3x MD + Meta/NLP JSON (Cím: Cseppekbe zárt névjegykártya: így mutatkoznak)
[979/1187] Letöltés (ID  937 | Portfolio   ): https://www.portfolio.hu/gazdasag/20260907/sorsdonto-napok-elott-...
      [✓] Mentve: 3x MD + Meta/NLP JSON (Cím: Sorsdöntő napok előtt Magyarország és Európa:)
[980/1187] Letöltés (ID  751 | Blikk       ): https://www.egeszsegkalauz.hu/hirek/orvosmeteorologia-front-ma-id...
      [✓] Mentve: 3x MD + Meta/NLP JSON (Cím: Orvosmeteorológia: nehéz nap előtt állnak az )
[981/1187] Letöltés (ID 1103 | Portfolio   ): https://www.portfolio.hu/gazdasag/20260909/kiteritettek-a-lapokat...
      [✓] Mentve: 3x MD + Meta/NLP JSON (Cím: Kiterítették a lapokat, mekkora lehet jövőre )
[982/1187] Letöltés (ID  608 | 24.hu       ): https://24.hu/belfold/2026/09/08/balazs-peter-interju-kiutasitaso...
      [✓] Mentve: 3x MD + Meta/NLP JSON (Cím: Balázs Péter a kiutasításról: Egy igen erős j)
[983/1187] Letöltés (ID   45 | Origo       ): https://www.origo.hu/sport/sport-futball/2026/09/videoton-diosgyo...
      [✓] Mentve: 3x MD + Meta/NLP JSON (Cím: Diósgyőr: Hátrányból nyert a Vidi)
[984/1187] Letöltés (ID   29 | Origo       ): https://www.origo.hu/tudomany/2026/09/nagy-uszonyu-tintahal-ritka...
      [✓] Mentve: 3x MD + Meta/NLP JSON (Cím: Nagy uszonyú tintahal: 3277 méter mélyen bukk)
[985/1187] Letöltés (ID 1111 | Portfolio   ): https://www.portfolio.hu/gazdasag/20260909/tisza-kormany-ma-szule...
      [✓] Mentve: 3x MD + Meta/NLP JSON (Cím: Tisza-kormány: hamarosan érkezik a döntés a d)
[986/1187] Letöltés (ID  841 | Blikk       ): https://www.blikk.hu/sport/duro-dora-mi-hazank-hetenyi-zoltan/g4d...
      [✓] Mentve: 3x MD + Meta/NLP JSON (Cím: Jelentkezett a Mi Hazánkba a magyar válogatot)
[987/1187] Letöltés (ID  470 | 24.hu       ): https://sokszinuvidek.24.hu/mozaik/2026/09/08/siraso-sirasok-vers...
      [✓] Mentve: 3x MD + Meta/NLP JSON (Cím: Videó: hajdúböszörményiek lettek az ország le)
[988/1187] Letöltés (ID  930 | Portfolio   ): https://www.portfolio.hu/befektetes/20260907/nagyon-eros-veteli-j...
      [✓] Mentve: 3x MD + Meta/NLP JSON (Cím: Nagyon erős vételi jelzés érkezett: kitört az)
[989/1187] Letöltés (ID  879 | Blikk       ): https://www.kiskegyed.hu/kepernyo/hazassag-elso-latasra-anastasia...
      [✓] Mentve: 3x MD + Meta/NLP JSON (Cím: Fájdalmas betegségéről vallott a,Házasság els)
[990/1187] Letöltés (ID  646 | 24.hu       ): https://24.hu/kulfold/2026/09/09/trump-gratulalt-afd...
      [✓] Mentve: 3x MD + Meta/NLP JSON (Cím: Trump gratulált az AfD választási sikeréhez)
[991/1187] Letöltés (ID  240 | Origo       ): https://www.origo.hu/sport/sport-csapat/2026/09/kosarvalogatott-n...
      [✓] Mentve: 3x MD + Meta/NLP JSON (Cím: A női kosárválogatott negyeddöntős világbajno)
[992/1187] Letöltés (ID  760 | Blikk       ): https://www.blikk.hu/aktualis/belfold/zapor-zivatar-idojaras-elor...
      [✓] Mentve: 3x MD + Meta/NLP JSON (Cím: Zivatarok és viharos erejű szél kísérik a hét)
[993/1187] Letöltés (ID  427 | 24.hu       ): https://24.hu/kultura/2026/09/08/elloptak-negy-renoir-kepet-egy-f...
      [✓] Mentve: 3x MD + Meta/NLP JSON (Cím: Négy Renoir-képet akartak ellopni egy francia)
[994/1187] Letöltés (ID 1137 | Portfolio   ): https://www.portfolio.hu/befektetes/20260908/elkepeszto-lehetoseg...
      [✓] Mentve: 3x MD + Meta/NLP JSON (Cím: Elképesztő lehetőségre bukkantunk: 611 százal)
[995/1187] Letöltés (ID  126 | Origo       ): https://www.origo.hu/gasztro/2026/07/dinnyeturmix-kanikula-hidrat...
      [✓] Mentve: 3x MD + Meta/NLP JSON (Cím: Elájul a melegtől? Készítse el a legjobb dinn)
[996/1187] Letöltés (ID  804 | Blikk       ): https://www.blikk.hu/sztarvilag/filmklikk/hold-alfa-holdbazis-sor...
      [✓] Mentve: 3x MD + Meta/NLP JSON (Cím: ös sorozat szerint ma már régen túl lennénk a)
[997/1187] Letöltés (ID   48 | Origo       ): https://www.origo.hu/sport/sport-futball/2026/09/jose-mourinho-re...
      [✓] Mentve: 3x MD + Meta/NLP JSON (Cím: José Mourinho a VAR)
[998/1187] Letöltés (ID 1087 | Portfolio   ): https://www.portfolio.hu/uzlet/20260908/emelkednek-a-hazai-blue-c...
      [✓] Mentve: 3x MD + Meta/NLP JSON (Cím: Emelkednek a hazai blue chipek)
[999/1187] Letöltés (ID  503 | 24.hu       ): https://24.hu/sport/foci/2026/09/07/magyar-foci-nb-2-videoton-fc-...
      [✓] Mentve: 3x MD + Meta/NLP JSON (Cím: „Az eddigi legjobb csapattal találkoztunk” – )
[1000/1187] Letöltés (ID  103 | Origo       ): https://www.origo.hu/sport/f1/2026/09/lewis-hamilton-charles-lecl...
      [✓] Mentve: 3x MD + Meta/NLP JSON (Cím: Lewis Hamilton nekiment Charles Leclerc)
[1001/1187] Letöltés (ID  670 | Blikk       ): https://www.blikk.hu/sztarvilag/hazai-sztarok/farkashazi-reka-kor...
      [✓] Mentve: 3x MD + Meta/NLP JSON (Cím: Kórházba került Farkasházi Réka, összeomlott:)
[1002/1187] Letöltés (ID  504 | 24.hu       ): https://24.hu/sport/2026/09/07/atletikai-vilagdonto-baleset-tara-...
      [✓] Mentve: 3x MD + Meta/NLP JSON (Cím: Súlyos autóbalesete miatt kihagyja a budapest)
[1003/1187] Letöltés (ID 1173 | Portfolio   ): https://www.penzcentrum.hu/hellovidek/20260909/pattanasig-feszult...
      [✓] Mentve: 3x MD + Meta/NLP JSON (Cím: Pattanásig feszült a hangulat Debrecenben: ki)
[1004/1187] Letöltés (ID  554 | 24.hu       ): https://marieclaire.hu/sztarok/2026/09/08/karoly-kiraly-level-har...
      [✓] Mentve: 3x MD + Meta/NLP JSON (Cím: Károly király nyilvános levélben tette helyre)
[1005/1187] Letöltés (ID   16 | Origo       ): https://www.origo.hu/sport/sport-futball/2026/09/kylian-mbappe-ar...
      [✓] Mentve: 3x MD + Meta/NLP JSON (Cím: Kylian Mbappét keményen kritizálta Christophe)
[1006/1187] Letöltés (ID  802 | Blikk       ): https://www.blikk.hu/sport/kulfoldi-foci/szoboszlai-dominik-steve...
      [✓] Mentve: 3x MD + Meta/NLP JSON (Cím: Szoboszlai Dominik odaszúrt a liverpooli lege)
[1007/1187] Letöltés (ID 1096 | Portfolio   ): https://www.agrarszektor.hu/elelmiszer/20260908/gyakran-veszel-sz...
      [✓] Mentve: 3x MD + Meta/NLP JSON (Cím: Gyakran veszel szalámit, sonkát? Jobb, ha tud)
[1008/1187] Letöltés (ID  248 | Origo       ): https://www.origo.hu/teve/2026/09/ordog-nora-karrier-galeria...
      [✓] Mentve: 3x MD + Meta/NLP JSON (Cím: Ördög Nóra 45 éves lett: így festett karrierj)
[1009/1187] Letöltés (ID  837 | Blikk       ): https://www.blikk.hu/aktualis/belfold/zaklatas-drog-feltekenyseg-...
      [✓] Mentve: 3x MD + Meta/NLP JSON (Cím: Drogot tett exe autójába egy féltékeny nő, mi)
[1010/1187] Letöltés (ID  655 | 24.hu       ): https://www.vezess.hu/hirek/2026/09/09/mol-szazhalombatta-finomit...
      [✓] Mentve: 3x MD + Meta/NLP JSON (Cím: Elárulta a MOL a dátumot, októbertől lesz job)
[1011/1187] Letöltés (ID 1117 | Portfolio   ): https://www.portfolio.hu/uzlet/20260909/uj-reszletek-derultek-ki-...
      [✓] Mentve: 3x MD + Meta/NLP JSON (Cím: Új részletek derültek ki a hétvégi amerikai l)
[1012/1187] Letöltés (ID 1040 | Portfolio   ): https://www.portfolio.hu/global/20260908/uj-eselyt-kaphat-a-magya...
      [✓] Mentve: 3x MD + Meta/NLP JSON (Cím: Új esélyt kaphat a magyar hadiipar - 100 mill)
[1013/1187] Letöltés (ID  213 | Origo       ): https://www.origo.hu/kulpol/2026/09/heteves-koltsegvetes-costa-ko...
      [✓] Mentve: 3x MD + Meta/NLP JSON (Cím: A következő hétéves költségvetés Costa szerin)
[1014/1187] Letöltés (ID  597 | 24.hu       ): https://www.vezess.hu/vezetunk/2026/09/08/kulonleges-japan-pompak...
      [✓] Mentve: 3x MD + Meta/NLP JSON (Cím: Különleges japán pompakocsi bukkant fel az Eg)
[1015/1187] Letöltés (ID  745 | Blikk       ): https://www.kiskegyed.hu/nepszeru/ember-mark-az-x-faktor-uj-musor...
      [✓] Mentve: 3x MD + Meta/NLP JSON (Cím: Ember Márk: “Azt érzed, van egy dobásod, amin)
[1016/1187] Letöltés (ID  759 | Blikk       ): https://www.blikk.hu/aktualis/belfold/szabalyozas-tanora-mennyise...
      [✓] Mentve: 3x MD + Meta/NLP JSON (Cím: Ennyi tanórájuk lehet az idei évben a magyar )
[1017/1187] Letöltés (ID  176 | Origo       ): https://www.origo.hu/kek-hirek/2026/09/nemzetkozi-korozes-magyar-...
      [✓] Mentve: 3x MD + Meta/NLP JSON (Cím: Születésnapján fogták el Szerbiában a nemzetk)
[1018/1187] Letöltés (ID  977 | Portfolio   ): https://www.portfolio.hu/global/20260907/szep-csendben-szabalyos-...
      [✓] Mentve: 3x MD + Meta/NLP JSON (Cím: Szép csendben szabályos drónháború robbant ki)
[1019/1187] Letöltés (ID  458 | 24.hu       ): https://24.hu/tech/2026/09/07/amazon-boeing-767-repulogep-baleset...
      [✓] Mentve: 3x MD + Meta/NLP JSON (Cím: Legalább öt halottja van már a miami repülőgé)
[1020/1187] Letöltés (ID 1070 | Portfolio   ): https://www.portfolio.hu/gazdasag/20260908/ha-epp-rendelkezesre-a...
      [✓] Mentve: 3x MD + Meta/NLP JSON (Cím: Ha épp rendelkezésre áll, a zöld energia a le)
[1021/1187] Letöltés (ID  617 | 24.hu       ): https://24.hu/belfold/2026/09/08/hajlektalan-nok-kiallitas-szetve...
      [✓] Mentve: 3x MD + Meta/NLP JSON (Cím: Két hét alatt másodszor verték szét a hajlékt)
[1022/1187] Letöltés (ID  847 | Blikk       ): https://www.blikk.hu/sztarvilag/hazai-sztarok/elkaptak-whisperton...
      [✓] Mentve: 3x MD + Meta/NLP JSON (Cím: ék mit sem sejtették, lecsaptak rájuk a Most )
[1023/1187] Letöltés (ID  170 | Origo       ): https://www.origo.hu/nagyvilag/2026/09/betegseg-miatt-nem-tud-lea...
      [✓] Mentve: 3x MD + Meta/NLP JSON (Cím: Nem tud leállni az edzéssel az egykori világb)
[1024/1187] Letöltés (ID  215 | Origo       ): https://www.origo.hu/filmklub/2026/09/netflix-bruce-willis-filmek...
      [✓] Mentve: 3x MD + Meta/NLP JSON (Cím: Bruce Willis elfeledett horrorja hasít Netfli)
[1025/1187] Letöltés (ID  682 | Blikk       ): https://www.blikk.hu/sztarvilag/hazai-sztarok/hazassag-elso-latas...
      [✓] Mentve: 3x MD + Meta/NLP JSON (Cím: Házasság első látásra Joci exe az előző évadb)
[1026/1187] Letöltés (ID  505 | 24.hu       ): https://24.hu/sport/foci/2026/09/07/richrd-hughes-liverpool-al-hi...
      [✓] Mentve: 3x MD + Meta/NLP JSON (Cím: Máris megvan a Liverpoolt otthagyó sportigazg)
[1027/1187] Letöltés (ID 1127 | Portfolio   ): https://www.portfolio.hu/unios-forrasok/20260909/unios-szintu-ado...
      [✓] Mentve: 3x MD + Meta/NLP JSON (Cím: Uniós szintű adókat vetnének ki – a komoly sa)
[1028/1187] Letöltés (ID  787 | Blikk       ): https://www.blikk.hu/sztarvilag/hazai-sztarok/kollo-babett-x-fakt...
      [✓] Mentve: 3x MD + Meta/NLP JSON (Cím: védő szolgálattal engedné csak bulizni a lány)
[1029/1187] Letöltés (ID  468 | 24.hu       ): https://sokszinuvidek.24.hu/viragzo-videkunk/2026/09/08/veszelyes...
      [✓] Mentve: 3x MD + Meta/NLP JSON (Cím: Veszélyes tárgyakat szedtek ki a Balatonból)
[1030/1187] Letöltés (ID 1017 | Portfolio   ): https://www.portfolio.hu/befektetes/20260902/hamarosan-a-vilag-ve...
      [✓] Mentve: 3x MD + Meta/NLP JSON (Cím: Hamarosan a világ végén is mobilozhatunk - Me)
[1031/1187] Letöltés (ID  100 | Origo       ): https://www.origo.hu/nagyvilag/2026/09/gyilkossag-arcon-lotte-cse...
      [✓] Mentve: 3x MD + Meta/NLP JSON (Cím: Felfoghatatlan gyilkosság: arcon lőtte saját )
[1032/1187] Letöltés (ID  736 | Blikk       ): https://www.blikk.hu/ferfiaknak/tech/android-beallitasok-wifi/4sf...
      [✓] Mentve: 3x MD + Meta/NLP JSON (Cím: Ezekre a beállításokra figyeljünk új telefon )
[1033/1187] Letöltés (ID  610 | 24.hu       ): https://24.hu/kulfold/2026/09/08/afd-szasz-anhalt-szelsojobb-magy...
      [✓] Mentve: 3x MD + Meta/NLP JSON (Cím: Labanino Rafael: Mit jelent nekünk, hogy Néme)
[1034/1187] Letöltés (ID  158 | Origo       ): https://www.origo.hu/nagyvilag/2026/09/rendor-hazkutatas-penz...
      [✓] Mentve: 3x MD + Meta/NLP JSON (Cím: Házkutatás közben tett zsebre 9 milliót a ren)
[1035/1187] Letöltés (ID  940 | Portfolio   ): https://www.portfolio.hu/uzlet/20260908/drasztikus-valtozas-kapuj...
      [✓] Mentve: 3x MD + Meta/NLP JSON (Cím: Drasztikus változás kapujában a boltok: az év)
[1036/1187] Letöltés (ID 1055 | Portfolio   ): https://www.portfolio.hu/global/20260908/harcteri-elemzes-nehez-c...
      [✓] Mentve: 3x MD + Meta/NLP JSON (Cím: Harctéri elemzés: nehéz csávába került az ukr)
[1037/1187] Letöltés (ID  801 | Blikk       ): https://www.blikk.hu/sport/kulfoldi-foci/liverpool-uj-mezszponzor...
      [✓] Mentve: 3x MD + Meta/NLP JSON (Cím: Tizenhét év után hatalmas változás jön a Live)
[1038/1187] Letöltés (ID  454 | 24.hu       ): https://24.hu/belfold/2026/09/07/nka-ugy-ket-ujabb-szemelyt-vette...
      [✓] Mentve: 3x MD + Meta/NLP JSON (Cím: NKA-ügy: két újabb személyt vettek őrizetbe)
[1039/1187] Letöltés (ID  111 | Origo       ): https://www.origo.hu/teve/2026/09/azt-tanacsoltak-neki-szuljon-gy...
      [✓] Mentve: 3x MD + Meta/NLP JSON (Cím: Azt tanácsolták neki, szüljön gyereket, majd )
[1040/1187] Letöltés (ID  637 | 24.hu       ): https://24.hu/sport/foci/2026/09/08/videoton-diosgyor-szurkoloi-v...
      [✓] Mentve: 3x MD + Meta/NLP JSON (Cím: A gázspray is előkerült a Videoton-Diósgyőr s)
[1041/1187] Letöltés (ID 1047 | Portfolio   ): https://www.portfolio.hu/gazdasag/20260908/tisza-kormany-sorra-in...
      [✓] Mentve: 3x MD + Meta/NLP JSON (Cím: Tisza-kormány: sorra indulnak az eljárások az)
[1042/1187] Letöltés (ID  735 | Blikk       ): https://www.blikk.hu/ferfiaknak/tech/nem-gyari-toltok-karosak/y3e...
      [✓] Mentve: 3x MD + Meta/NLP JSON (Cím: A nem gyári töltők rossz hatással lehetnek a )
[1043/1187] Letöltés (ID   12 | Origo       ): https://www.origo.hu/techbazis/2026/09/soundcore-liberty-5-pro-ma...
      [✓] Mentve: 3x MD + Meta/NLP JSON (Cím: Soundcore Liberty 5 Pro Max fülhallgató: tokb)
[1044/1187] Letöltés (ID  139 | Origo       ): https://www.origo.hu/gazdasag/2026/09/hiany-koltsegvetes-deficit-...
      [✓] Mentve: 3x MD + Meta/NLP JSON (Cím: Költségvetés: rekordhiányt hozott az augusztu)
[1045/1187] Letöltés (ID  651 | 24.hu       ): https://sokszinuvidek.24.hu/viragzo-videkunk/2026/09/08/rekordala...
      [✓] Mentve: 3x MD + Meta/NLP JSON (Cím: Rekordalacsony, a vízmércén 1 centiméter a Du)
[1046/1187] Letöltés (ID  776 | Blikk       ): https://www.blikk.hu/sztarvilag/hazai-sztarok/meghalt-farkas-bert...
      [✓] Mentve: 3x MD + Meta/NLP JSON (Cím: Meghalt Farkas Bertalan felesége)
[1047/1187] Letöltés (ID 1034 | Portfolio   ): https://www.agrarszektor.hu/noveny/20260908/friss-agrarszektor-id...
      [✓] Mentve: 3x MD + Meta/NLP JSON (Cím: Friss! Agrárszektor időjárás előrejelzés: 202)
[1048/1187] Letöltés (ID  681 | Blikk       ): https://www.blikk.hu/sztarvilag/hazai-sztarok/kulcsar-edina-gwm-b...
      [✓] Mentve: 3x MD + Meta/NLP JSON (Cím: Kulcsár Edina és G.w.M elbúcsúztak)
[1049/1187] Letöltés (ID  662 | 24.hu       ): https://www.noklapja.hu/aktualis/2026/09/09/2027-idojarasa-el-nin...
      [✓] Mentve: 3x MD + Meta/NLP JSON (Cím: Februárig tarthat az El Niño: ilyen tél várha)
[1050/1187] Letöltés (ID  184 | Origo       ): https://www.origo.hu/teve/2026/09/hazassag-elso-latasra-naszut...
      [✓] Mentve: 3x MD + Meta/NLP JSON (Cím: Házasság első látásra: Megtörtént az első sze)
[1051/1187] Letöltés (ID 1168 | Portfolio   ): https://www.portfolio.hu/global/20260908/osszefogott-az-ellenzek-...
      [✓] Mentve: 3x MD + Meta/NLP JSON (Cím: Összefogott az ellenzék Netanjahu ellen: össz)
[1052/1187] Letöltés (ID  517 | 24.hu       ): https://24.hu/tudomany/2026/09/07/europai-kornyezetvedelmi-ugynok...
      [✓] Mentve: 3x MD + Meta/NLP JSON (Cím: Ebben a magyar városban a legtisztább a leveg)
[1053/1187] Letöltés (ID  737 | Blikk       ): https://www.blikk.hu/galeria/ordog-nora-szuletesnap-musorvezeto-p...
      [✓] Mentve: 3x MD + Meta/NLP JSON (Cím: 45 éves lett Ördög Nóra, ilyen volt, ilyen le)
[1054/1187] Letöltés (ID  112 | Origo       ): https://www.origo.hu/utazas-nagyhasab/2026/08/kezipoggyasz-pakola...
      [✓] Mentve: 3x MD + Meta/NLP JSON (Cím: Kézipoggyász pakolása okosan: 10 tipp, hogy m)
[1055/1187] Letöltés (ID  917 | Portfolio   ): https://www.portfolio.hu/gazdasag/20260907/feljelentettek-szijjar...
      [✓] Mentve: 3x MD + Meta/NLP JSON (Cím: Feljelentették Szijjártó Pétert – Meghozta a )
[1056/1187] Letöltés (ID 1113 | Portfolio   ): https://www.portfolio.hu/unios-forrasok/20260909/brusszel-gyorsan...
      [✓] Mentve: 3x MD + Meta/NLP JSON (Cím: Brüsszel gyorsan mentené meg Európát, a tagál)
[1057/1187] Letöltés (ID  882 | Blikk       ): https://www.egeszsegkalauz.hu/tunet/szorongas-kenyszer-kinos-jele...
      [✓] Mentve: 3x MD + Meta/NLP JSON (Cím: Újra és újra lejátszik a fejében egy kínos be)
[1058/1187] Letöltés (ID  151 | Origo       ): https://www.origo.hu/belpol/2026/09/tanacs-zoltan-bejelentes-nemz...
      [✓] Mentve: 3x MD + Meta/NLP JSON (Cím: Tanács Zoltán bejelentette: teljesen megújult)
[1059/1187] Letöltés (ID  491 | 24.hu       ): https://24.hu/kultura/2026/09/07/szfe-rektor-sepsi-eniko-lemondas...
      [✓] Mentve: 3x MD + Meta/NLP JSON (Cím: Az SZFE rektora „kezdeményezi a rektori megbí)
[1060/1187] Letöltés (ID  481 | 24.hu       ): https://24.hu/fn/gazdasag/2026/09/07/waberers-reakcio-feljelentes...
      [✓] Mentve: 3x MD + Meta/NLP JSON (Cím: Reagált a Waberer’s, miután Kapitány István j)
[1061/1187] Letöltés (ID  820 | Blikk       ): https://www.kiskegyed.hu/most-tortenik/oraatallitas-oktober-oszi/...
      [✓] Mentve: 3x MD + Meta/NLP JSON (Cím: Az elmúlt 11 év legkorábbi óraátállítása jön,)
[1062/1187] Letöltés (ID  900 | Portfolio   ): https://www.portfolio.hu/gazdasag/20260908/nem-kiadas-hanem-alkal...
      [✓] Mentve: 3x MD + Meta/NLP JSON (Cím: Nem kiadás, hanem alkalmazkodási beruházás az)
[1063/1187] Letöltés (ID   91 | Origo       ): https://www.origo.hu/sport/sport-futball/2026/09/ftc-ujpest-derbi...
      [✓] Mentve: 3x MD + Meta/NLP JSON (Cím: Borbély Balázs nyilatkozata az FTC)
[1064/1187] Letöltés (ID  568 | 24.hu       ): https://24.hu/tudomany/2026/09/08/hungaromet-elorejelzes-magyaror...
      [✓] Mentve: 3x MD + Meta/NLP JSON (Cím: Mutatjuk, mikor éri el hazánkat a hidegfront )
[1065/1187] Letöltés (ID 1115 | Portfolio   ): https://www.portfolio.hu/uzlet/20260909/dramaian-lecsokkent-a-dun...
      [✓] Mentve: 3x MD + Meta/NLP JSON (Cím: Drámaian lecsökkent a Duna vízhozama, de ninc)
[1066/1187] Letöltés (ID  120 | Origo       ): https://www.origo.hu/techbazis/2026/09/retro-autoradiok-blaupunkt...
      [✓] Mentve: 3x MD + Meta/NLP JSON (Cím: ből maradt volna itt, pedig Bluetooth is van )
[1067/1187] Letöltés (ID  684 | Blikk       ): https://www.blikk.hu/eletmod/tippek/feladat-megoldas-gyufa/mpryx0...
      [✓] Mentve: 3x MD + Meta/NLP JSON (Cím: Csak a "figyelmeseknek!" Ön meg tudja oldani )
[1068/1187] Letöltés (ID 1140 | Portfolio   ): https://www.portfolio.hu/global/20260908/sulyos-vadak-lattak-napv...
      [✓] Mentve: 3x MD + Meta/NLP JSON (Cím: Súlyos vádak láttak napvilágot: trükkös módsz)
[1069/1187] Letöltés (ID  475 | 24.hu       ): https://24.hu/fn/gazdasag/2026/09/07/magantokealapok-allami-szerz...
      [✓] Mentve: 3x MD + Meta/NLP JSON (Cím: Célkeresztben a magántőkealapok: több ezer mi)
[1070/1187] Letöltés (ID  704 | Blikk       ): https://www.blikk.hu/aktualis/belfold/eber-komas-ebredezik-segits...
      [✓] Mentve: 3x MD + Meta/NLP JSON (Cím: Ébredezik az éber kómás Katalin, de édesanyja)
[1071/1187] Letöltés (ID  108 | Origo       ): https://www.origo.hu/teve/2026/09/oszvald-marika-unoka-vallomas...
      [✓] Mentve: 3x MD + Meta/NLP JSON (Cím: 11. lombik után jött a világra a kis Vince: O)
[1072/1187] Letöltés (ID  782 | Blikk       ): https://www.blikk.hu/politika/magyar-politika/oroszorszag-diploma...
      [✓] Mentve: 3x MD + Meta/NLP JSON (Cím: Ezt ígéri Oroszország a diplomaták kiutasítás)
[1073/1187] Letöltés (ID  446 | 24.hu       ): https://24.hu/belfold/2026/09/07/debrecen-kozmeghallgatas-botrany...
      [✓] Mentve: 3x MD + Meta/NLP JSON (Cím: Hamar kitört a botrány az akkuipari közmeghal)
[1074/1187] Letöltés (ID   87 | Origo       ): https://www.origo.hu/itthon/2026/09/jegeso-szelviharra-is-keszuln...
      [✓] Mentve: 3x MD + Meta/NLP JSON (Cím: Kiadták a riasztást: ekkor jön a jégeső, szél)
[1075/1187] Letöltés (ID 1010 | Portfolio   ): https://www.portfolio.hu/gazdasag/20260821/harari-a-vilaghiru-tor...
      [✓] Mentve: 3x MD + Meta/NLP JSON (Cím: Harari, a világhírű történész figyelmeztetése)
[1076/1187] Letöltés (ID   40 | Origo       ): https://www.origo.hu/nagyvilag/2026/09/tuz-hetkoznapi-targy-vesze...
      [✓] Mentve: 3x MD + Meta/NLP JSON (Cím: Mindenki otthonában megtalálható hétköznapi t)
[1077/1187] Letöltés (ID  689 | Blikk       ): https://www.blikk.hu/eletmod/lelek/horoszkop-csillagjegyek-szerel...
      [✓] Mentve: 3x MD + Meta/NLP JSON (Cím: Horoszkóp: ez a három csillagjegy nagyon mély)
[1078/1187] Letöltés (ID 1172 | Portfolio   ): https://www.portfolio.hu/ingatlan/20260908/negyedszazaddal-a-new-...
      [✓] Mentve: 3x MD + Meta/NLP JSON (Cím: Negyedszázaddal a New York-i tragédia után pe)
[1079/1187] Letöltés (ID  441 | 24.hu       ): https://24.hu/kulfold/2026/09/08/orosz-vadaszgepek-utkozes-kurszk...
      [✓] Mentve: 3x MD + Meta/NLP JSON (Cím: Összeütközött a levegőben két orosz vadászgép)
[1080/1187] Letöltés (ID  698 | Blikk       ): https://www.blikk.hu/aktualis/kozbiztonsag-hos-utca-budapest-zugl...
      [✓] Mentve: 3x MD + Meta/NLP JSON (Cím: Új Hős utcák születtek Budapesten, egyre több)
[1081/1187] Letöltés (ID   99 | Origo       ): https://www.origo.hu/tudomany/2026/09/afonya-zsiregetes-izom-pter...
      [✓] Mentve: 3x MD + Meta/NLP JSON (Cím: Áfonya: egy természetes vegyület segíthet elé)
[1082/1187] Letöltés (ID  447 | 24.hu       ): https://24.hu/kultura/2026/09/07/hazassag-elso-latasra-tv2-verbal...
      [✓] Mentve: 3x MD + Meta/NLP JSON (Cím: A Házasság első látásra szereplői szerint ver)
[1083/1187] Letöltés (ID  964 | Portfolio   ): https://www.portfolio.hu/global/20260907/megtortent-amitol-retteg...
      [✓] Mentve: 3x MD + Meta/NLP JSON (Cím: Megtörtént, amitől rettegett az egész politik)
[1084/1187] Letöltés (ID  932 | Portfolio   ): https://www.portfolio.hu/ingatlan/20260908/hatalmas-munkalatok-ke...
      [✓] Mentve: 3x MD + Meta/NLP JSON (Cím: Hatalmas munkálatok kezdődtek Budapest belvár)
[1085/1187] Letöltés (ID   46 | Origo       ): https://www.origo.hu/techbazis/2026/09/biztonsagi-kamera-a-regi-t...
      [✓] Mentve: 3x MD + Meta/NLP JSON (Cím: Biztonsági kamera a régi telefonból? Teljesen)
[1086/1187] Letöltés (ID  572 | 24.hu       ): https://24.hu/sport/foci/2026/09/08/ferencvaros-ujpest-kubatov-ga...
      [✓] Mentve: 3x MD + Meta/NLP JSON (Cím: Kubatov Gábor kérése a szurkolók felé: tartóz)
[1087/1187] Letöltés (ID  754 | Blikk       ): https://www.glamour.hu/emesztes/gyomorgorcs-hasmenes-stressz-emes...
      [✓] Mentve: 3x MD + Meta/NLP JSON (Cím: A gyomorgörcs nem csak az idegesség jele lehe)
[1088/1187] Letöltés (ID  105 | Origo       ): https://www.origo.hu/itthon/2026/09/nemzeti-sportugynokseg-biro-p...
      [✓] Mentve: 3x MD + Meta/NLP JSON (Cím: A Nemzeti Sportügynökség éléről felmentették )
[1089/1187] Letöltés (ID  626 | 24.hu       ): https://24.hu/elet-stilus/2026/09/09/tom-jones-the-voice-tehetseg...
      [✓] Mentve: 3x MD + Meta/NLP JSON (Cím: Tom Jonest kirúgták a The Voice című tehetség)
[1090/1187] Letöltés (ID  901 | Portfolio   ): https://www.portfolio.hu/gazdasag/20260908/exkluziv-interju-charl...
      [✓] Mentve: 3x MD + Meta/NLP JSON (Cím: Exkluzív interjú Charles Simonyival: ez nem A)
[1091/1187] Letöltés (ID   26 | Origo       ): https://www.origo.hu/teve/2026/09/horror-kihivas-36-oran-at-ugyan...
      [✓] Mentve: 3x MD + Meta/NLP JSON (Cím: Komoly pénzt kaptak azért, hogy 36 órán át ug)
[1092/1187] Letöltés (ID  956 | Portfolio   ): https://www.portfolio.hu/gazdasag/20260908/megerkeztek-a-friss-ad...
      [✓] Mentve: 3x MD + Meta/NLP JSON (Cím: Megérkeztek a friss adatok: elképesztő tech-b)
[1093/1187] Letöltés (ID  541 | 24.hu       ): https://sokszinuvidek.24.hu/kertunk-portank/2026/09/07/osz-kert...
      [✓] Mentve: 3x MD + Meta/NLP JSON (Cím: Itt az ősz: ezek a legfontosabb teendők a ker)
[1094/1187] Letöltés (ID  435 | 24.hu       ): https://24.hu/sport/foci/2026/09/07/telekom-ferencvaros-molino-fe...
      [✓] Mentve: 3x MD + Meta/NLP JSON (Cím: A Telekom magyarázatot vár a Fraditól a hétvé)
[1095/1187] Letöltés (ID  966 | Portfolio   ): https://www.portfolio.hu/global/20260907/leleplezodott-a-bukott-d...
      [✓] Mentve: 3x MD + Meta/NLP JSON (Cím: Lelepleződött a bukott diktátor titka: tonnán)
[1096/1187] Letöltés (ID  203 | Origo       ): https://www.origo.hu/kek-hirek/2026/09/baleset-melbourne...
      [✓] Mentve: 3x MD + Meta/NLP JSON (Cím: Balesetben meghalt egy 7 éves kislány és egy )
[1097/1187] Letöltés (ID  172 | Origo       ): https://www.origo.hu/techbazis/2026/09/samsung-europai-mestersege...
      [✓] Mentve: 3x MD + Meta/NLP JSON (Cím: A Samsung óriási pénzeket fektet az európai m)
[1098/1187] Letöltés (ID  619 | 24.hu       ): https://24.hu/fn/gazdasag/2026/09/08/uzemanyag-gazolaj-dizel-drag...
      [✓] Mentve: 3x MD + Meta/NLP JSON (Cím: Miért szállt el ennyire a gázolaj ára, és vár)
[1099/1187] Letöltés (ID  939 | Portfolio   ): https://www.portfolio.hu/global/20260908/megindult-a-katonai-akci...
      [✓] Mentve: 3x MD + Meta/NLP JSON (Cím: Megindult a katonai akció az Egyesült Államok)
[1100/1187] Letöltés (ID  202 | Origo       ): https://www.origo.hu/nagyvilag/2026/09/szemet-reading-fesztival-u...
      [✓] Mentve: 3x MD + Meta/NLP JSON (Cím: Szeméthegy maradt az egyik legnagyobb angol f)
[1101/1187] Letöltés (ID 1170 | Portfolio   ): https://www.portfolio.hu/uzlet/20260908/gigantikus-szovetseg-kott...
      [✓] Mentve: 3x MD + Meta/NLP JSON (Cím: Gigantikus szövetség köttetett a mesterséges )
[1102/1187] Letöltés (ID  460 | 24.hu       ): https://24.hu/elet-stilus/2026/09/08/hegy-kviz...
      [✓] Mentve: 3x MD + Meta/NLP JSON (Cím: Tíz kérdés az Everesttől a Kékesig: teszteld,)
[1103/1187] Letöltés (ID  476 | 24.hu       ): https://24.hu/tech/2026/09/06/kina-utazas-felkeszules-internet-es...
      [✓] Mentve: 3x MD + Meta/NLP JSON (Cím: Kínába készül? Mutatjuk, mit érdemes elintézn)
[1104/1187] Letöltés (ID  950 | Portfolio   ): https://www.portfolio.hu/premium/20260907/az-ertekteremto-iroda-m...
      [✓] Mentve: 3x MD + Meta/NLP JSON (Cím: Az értékteremtő iroda már nem költség – hanem)
[1105/1187] Letöltés (ID  261 | Origo       ): https://www.origo.hu/itthon/2026/09/katonasirban-karikagyuru-hozz...
      [✓] Mentve: 3x MD + Meta/NLP JSON (Cím: Katonasírban talált karikagyűrű alapján keres)
[1106/1187] Letöltés (ID  493 | 24.hu       ): https://24.hu/elet-stilus/2026/09/07/molnar-aron-fenyegetesek...
      [✓] Mentve: 3x MD + Meta/NLP JSON (Cím: Lakcíme és telefonszáma iránt érdeklődtek, Mo)
[1107/1187] Letöltés (ID   20 | Origo       ): https://www.origo.hu/auto/2026/09/birsag-20000-iskolak-kozeleben...
      [✓] Mentve: 3x MD + Meta/NLP JSON (Cím: os bírságot kockáztat, ha nem vigyáz az iskol)
[1108/1187] Letöltés (ID 1088 | Portfolio   ): https://www.portfolio.hu/ingatlan/20260908/ujra-elet-koltozott-a-...
      [✓] Mentve: 3x MD + Meta/NLP JSON (Cím: Újra élet költözött a magyar főváros egyik le)
[1109/1187] Letöltés (ID 1032 | Portfolio   ): https://www.agrarszektor.hu/noveny/20260908/figyelmeztetik-a-magy...
      [✓] Mentve: 3x MD + Meta/NLP JSON (Cím: Figyelmeztetik a magyarokat: nagy a baj, szin)
[1110/1187] Letöltés (ID  477 | 24.hu       ): https://24.hu/kultura/2026/09/06/kepernyoido-streaming-filmek-sor...
      [✓] Mentve: 3x MD + Meta/NLP JSON (Cím: Van Damme klasszikusától De Niro új krimijéig)
[1111/1187] Letöltés (ID   59 | Origo       ): https://www.origo.hu/teve/2026/09/kiakadt-toth-gabi-dallos-bogi-p...
      [✓] Mentve: 3x MD + Meta/NLP JSON (Cím: Kiakadt Tóth Gabi Dallos Bogi paródiáján: kem)
[1112/1187] Letöltés (ID   76 | Origo       ): https://www.origo.hu/itthon/2026/09/metro-m3-lezartak-az-allomast...
      [✓] Mentve: 3x MD + Meta/NLP JSON (Cím: Most kaptuk a hírt: mindenkit leszállítottak )
[1113/1187] Letöltés (ID  425 | 24.hu       ): https://24.hu/belfold/2026/09/08/lazar-janos-titok-utazas-2013-or...
      [✓] Mentve: 3x MD + Meta/NLP JSON (Cím: 13 év után fény derült Lázár János féltve őrz)
[1114/1187] Letöltés (ID 1183 | Portfolio   ): https://www.agrarszektor.hu/noveny/20260909/meglepetes-erheti-aki...
      [✓] Mentve: 3x MD + Meta/NLP JSON (Cím: Meglepetés érheti, aki ezt a slágerzöldséget )
[1115/1187] Letöltés (ID   58 | Origo       ): https://www.origo.hu/teve/2026/09/rtl-meghatarozo-arcok-tavoznak...
      [✓] Mentve: 3x MD + Meta/NLP JSON (Cím: Meghatározó arcok távoznak az RTL)
[1116/1187] Letöltés (ID 1102 | Portfolio   ): https://www.portfolio.hu/global/20260909/a-haboru-lezarasat-vitat...
      [✓] Mentve: 3x MD + Meta/NLP JSON (Cím: Trump elhúzta a mézesmadzagot Putyin orra elő)
[1117/1187] Letöltés (ID  578 | 24.hu       ): https://24.hu/sport/foci/2026/09/08/liverpool-mezszponzor-csere-t...
      [✓] Mentve: 3x MD + Meta/NLP JSON (Cím: Új korszak kezdődik Liverpoolban, 17 év után )
[1118/1187] Letöltés (ID 1163 | Portfolio   ): https://www.portfolio.hu/bank/20260909/mar-tobb-mint-130-ezer-kri...
      [✓] Mentve: 3x MD + Meta/NLP JSON (Cím: Már több mint 130 ezer kriptomilliomos van má)
[1119/1187] Letöltés (ID  553 | 24.hu       ): https://marieclaire.hu/sztarok/2026/09/08/velencei-filmfesztival-...
      [✓] Mentve: 3x MD + Meta/NLP JSON (Cím: Velencei filmfesztivál: fotón Phoebe Bridgers)
[1120/1187] Letöltés (ID   25 | Origo       ): https://www.origo.hu/belpol/2026/09/karpataljai-magyarok-orban-an...
      [✓] Mentve: 3x MD + Meta/NLP JSON (Cím: Orbán Anita: előrelépés történt a kárpátaljai)
[1121/1187] Letöltés (ID  993 | Portfolio   ): https://www.portfolio.hu/global/20260907/nagy-frissitest-kapott-a...
      [✓] Mentve: 3x MD + Meta/NLP JSON (Cím: Nagy frissítést kapott a ChatGPT: rögtön ráug)
[1122/1187] Letöltés (ID  132 | Origo       ): https://www.origo.hu/belpol/2026/09/paksi-fenekkuszob-ausztria-eu...
      [✓] Mentve: 3x MD + Meta/NLP JSON (Cím: Paksi fenékküszöb: Ausztria kimondta, már az )
[1123/1187] Letöltés (ID  654 | 24.hu       ): https://sokszinuvidek.24.hu/kertunk-portank/2026/09/08/aszaly-szo...
      [✓] Mentve: 3x MD + Meta/NLP JSON (Cím: Az aszály miatt szomjas patkányok lephetik el)
[1124/1187] Letöltés (ID  635 | 24.hu       ): https://24.hu/sport/2026/09/09/kezilabda-szerzodeshosszabbitas-ca...
      [✓] Mentve: 3x MD + Meta/NLP JSON (Cím: 2031-ig hosszabbított Barcelonában a Veszprém)
[1125/1187] Letöltés (ID  211 | Origo       ): https://www.origo.hu/nagyvilag/2026/09/jarattorles-heathrow-ryana...
      [✓] Mentve: 3x MD + Meta/NLP JSON (Cím: Több mint ezer járatot töröltek: teljes az ös)
[1126/1187] Letöltés (ID 1160 | Portfolio   ): https://www.portfolio.hu/global/20260908/vegre-valahara-loszerhez...
      [✓] Mentve: 3x MD + Meta/NLP JSON (Cím: Végre valahára lőszerhez jutnak az ukrán Patr)
[1127/1187] Letöltés (ID 1126 | Portfolio   ): https://www.portfolio.hu/global/20260909/hatalmas-kaosz-a-reptere...
      [✓] Mentve: 3x MD + Meta/NLP JSON (Cím: Hatalmas káosz a reptereken: teljesen összeom)
[1128/1187] Letöltés (ID  179 | Origo       ): https://www.origo.hu/auto/2026/09/garancia-a-legnagyobb-magyar-au...
      [✓] Mentve: 3x MD + Meta/NLP JSON (Cím: A legnagyobb magyar autóimportőr is beleállt )
[1129/1187] Letöltés (ID  196 | Origo       ): https://www.origo.hu/kek-hirek/2026/09/till-tamas-apja-matyas-val...
      [✓] Mentve: 3x MD + Meta/NLP JSON (Cím: Till Tamás ügyében ma a gyászoló apát hallgat)
[1130/1187] Letöltés (ID 1107 | Portfolio   ): https://www.portfolio.hu/gazdasag/20260909/itt-a-dontes-igy-valto...
      [✓] Mentve: 3x MD + Meta/NLP JSON (Cím: Itt a döntés: így változik a benzin és a díze)
[1131/1187] Letöltés (ID  207 | Origo       ): https://www.origo.hu/itthon/2026/09/hortobagyi-nemzeti-park-elolt...
      [✓] Mentve: 3x MD + Meta/NLP JSON (Cím: A Hortobágyi Nemzeti Parkban eloltották az öt)
[1132/1187] Letöltés (ID 1030 | Portfolio   ): https://www.agrarszektor.hu/allat/20260908/erdekes-dolog-derult-k...
      [✓] Mentve: 3x MD + Meta/NLP JSON (Cím: Érdekes dolog derült ki a kutyatápokról: ezér)
[1133/1187] Letöltés (ID 1147 | Portfolio   ): https://www.portfolio.hu/gazdasag/20260908/dramai-rekord-budapest...
      [✓] Mentve: 3x MD + Meta/NLP JSON (Cím: Drámai rekord Budapesten: történelmi mélypont)
[1134/1187] Letöltés (ID  153 | Origo       ): https://www.origo.hu/filmklub/2026/09/velencei-filmfesztival-horv...
      [✓] Mentve: 3x MD + Meta/NLP JSON (Cím: Elképesztő magyar siker a Velencei Filmfeszti)
[1135/1187] Letöltés (ID  194 | Origo       ): https://www.origo.hu/itthon/2026/09/duna-vizallasa-1-cm...
      [✓] Mentve: 3x MD + Meta/NLP JSON (Cím: A Duna vízállása 1 centiméter: történelmi mél)
[1136/1187] Letöltés (ID 1157 | Portfolio   ): https://www.portfolio.hu/global/20260908/rendkivuli-telefonhivas-...
      [✓] Mentve: 3x MD + Meta/NLP JSON (Cím: Rendkívüli telefonhívás: egy órán át tárgyalt)
[1137/1187] Letöltés (ID  169 | Origo       ): https://www.origo.hu/gazdasag/2026/09/autopalya-matrica-arak-2027...
      [✓] Mentve: 3x MD + Meta/NLP JSON (Cím: matrica: ennyivel emelkedhetnek a díjak 2027 )
[1138/1187] Letöltés (ID  980 | Portfolio   ): https://www.portfolio.hu/global/20260907/mesterseges-intelligenci...
      [✓] Mentve: 3x MD + Meta/NLP JSON (Cím: Mesterséges intelligencia ellen tüntető robot)
[1139/1187] Letöltés (ID   77 | Origo       ): https://www.origo.hu/gazdasag/2026/09/uzemanyagar-valtozas-hetfot...
      [✓] Mentve: 3x MD + Meta/NLP JSON (Cím: változás hétfőtől: újabb áremelés jön a benzi)
[1140/1187] Letöltés (ID 1065 | Portfolio   ): https://www.portfolio.hu/global/20260908/kihuzta-a-magyar-kormany...
      [✓] Mentve: 3x MD + Meta/NLP JSON (Cím: Kihúzta a magyar kormány a gyufát Moszkvában )
[1141/1187] Letöltés (ID  926 | Portfolio   ): https://www.portfolio.hu/uzlet/20260908/sulyos-dontes-elott-a-vol...
      [✓] Mentve: 3x MD + Meta/NLP JSON (Cím: Súlyos döntés előtt a Volkswagen: eladhatja l)
[1142/1187] Letöltés (ID   36 | Origo       ): https://www.origo.hu/teve/2026/09/megasztar-tv2-mesterek-kellemet...
      [✓] Mentve: 3x MD + Meta/NLP JSON (Cím: Ők az idei Megasztár legkellemetlenebb jelent)
[1143/1187] Letöltés (ID  904 | Portfolio   ): https://www.portfolio.hu/global/20260907/osszeutkozott-egymassal-...
      [✓] Mentve: 3x MD + Meta/NLP JSON (Cím: Összeütközött egymással két szupermodern oros)
[1144/1187] Letöltés (ID  182 | Origo       ): https://www.origo.hu/teve/2026/09/marics-peti-koncert-lemondas...
      [✓] Mentve: 3x MD + Meta/NLP JSON (Cím: Szomorú bejelentést tett Marics Peti, lemondt)
[1145/1187] Letöltés (ID  114 | Origo       ): https://www.origo.hu/utazas-nagyhasab/2026/08/kiskunfelegyhaza-la...
      [✓] Mentve: 3x MD + Meta/NLP JSON (Cím: Mesés szecesszió és pusztai romantika: fedezd)
[1146/1187] Letöltés (ID 1005 | Portfolio   ): https://www.portfolio.hu/bank/20260903/rohamtempoban-adosodik-el-...
      [✓] Mentve: 3x MD + Meta/NLP JSON (Cím: Rohamtempóban adósodik el a magyar lakosság: )
[1147/1187] Letöltés (ID  162 | Origo       ): https://www.origo.hu/teve/2026/09/harry-herceg-levelet-kapott-kar...
      [✓] Mentve: 3x MD + Meta/NLP JSON (Cím: Levelet küldött Károly király Harry hercegnek)
[1148/1187] Letöltés (ID 1101 | Portfolio   ): https://www.portfolio.hu/gazdasag/20260909/forradalmi-dontesre-ke...
      [✓] Mentve: 3x MD + Meta/NLP JSON (Cím: Forradalmi döntésre készül az MNB – Miért kel)
[1149/1187] Letöltés (ID 1058 | Portfolio   ): https://www.portfolio.hu/global/20260908/bedurvultak-a-harcok-a-f...
      [✓] Mentve: 3x MD + Meta/NLP JSON (Cím: Bedurvultak a harcok a felemelkedő nagyhatalo)
[1150/1187] Letöltés (ID   98 | Origo       ): https://www.origo.hu/nagyvilag/2026/09/verrak-bbc-musorvezeto-mar...
      [✓] Mentve: 3x MD + Meta/NLP JSON (Cím: Vérrák miatt kezelik a BBC egyik legismertebb)
[1151/1187] Letöltés (ID  231 | Origo       ): https://www.origo.hu/nagyvilag/2026/09/szex-taxisofor-parkolo-aru...
      [✓] Mentve: 3x MD + Meta/NLP JSON (Cím: Fényes nappal, egy áruház parkolójában szexel)
[1152/1187] Letöltés (ID  914 | Portfolio   ): https://www.portfolio.hu/gazdasag/20260908/magyar-egeszsegugy-kes...
      [✓] Mentve: 3x MD + Meta/NLP JSON (Cím: Magyar egészségügy: Kész? Rajt!)
[1153/1187] Letöltés (ID  133 | Origo       ): https://www.origo.hu/kulpol/2026/09/hormuzi-szoros-arak-uzemanyag...
      [✓] Mentve: 3x MD + Meta/NLP JSON (Cím: szoros nyitva, ez azonban a dráguláson nem se)
[1154/1187] Letöltés (ID 1009 | Portfolio   ): https://www.portfolio.hu/gazdasag/20260824/kilott-az-orvosi-palya...
      [✓] Mentve: 3x MD + Meta/NLP JSON (Cím: Kilőtt az orvosi pálya népszerűsége Magyarors)
[1155/1187] Letöltés (ID 1001 | Portfolio   ): https://www.portfolio.hu/uzlet/20260907/reagalt-a-waberers-kapita...
      [✓] Mentve: 3x MD + Meta/NLP JSON (Cím: Reagált a Waberer's Kapitány István szavaira)
[1156/1187] Letöltés (ID  243 | Origo       ): https://www.origo.hu/nagyvilag/2026/09/jarat-torles-anglia-rendsz...
      [✓] Mentve: 3x MD + Meta/NLP JSON (Cím: Járatok százait kellett törölni: összeomlott )
[1157/1187] Letöltés (ID 1006 | Portfolio   ): https://www.portfolio.hu/gazdasag/20260902/itt-a-tisza-kormany-50...
      [✓] Mentve: 3x MD + Meta/NLP JSON (Cím: Itt a Tisza-kormány 500 milliárdos Havária Al)
[1158/1187] Letöltés (ID   17 | Origo       ): https://www.origo.hu/kek-hirek/2026/09/vonat-kiskoru-utast-kessel...
      [✓] Mentve: 3x MD + Meta/NLP JSON (Cím: Vonaton fenyegetett meg késsel egy kiskorút e)
[1159/1187] Letöltés (ID 1181 | Portfolio   ): https://www.agrarszektor.hu/noveny/20260909/jegesovel-csap-le-ma-...
      [✓] Mentve: 3x MD + Meta/NLP JSON (Cím: Jégesővel csap le ma a vihar az országra: mut)
[1160/1187] Letöltés (ID   88 | Origo       ): https://www.origo.hu/kulpol/2026/09/afd-gyozelem-konzervativ-fran...
      [✓] Mentve: 3x MD + Meta/NLP JSON (Cím: AfD: Franciaország aggódik a német jobboldal )
[1161/1187] Letöltés (ID 1116 | Portfolio   ): https://www.portfolio.hu/podcast/20260908/eljott-az-ido-olyat-lep...
      [✓] Mentve: 3x MD + Meta/NLP JSON (Cím: Eljött az idő? Olyat léphet az MNB, amire 20 )
[1162/1187] Letöltés (ID  986 | Portfolio   ): https://www.portfolio.hu/befektetes/20260907/kiderult-a-datum-fon...
      [✓] Mentve: 3x MD + Meta/NLP JSON (Cím: Kiderült a dátum: fontos beszámolóra készül a)
[1163/1187] Letöltés (ID 1059 | Portfolio   ): https://www.portfolio.hu/befektetes/20260908/keressuk-magyarorsza...
      [✓] Mentve: 3x MD + Meta/NLP JSON (Cím: Keressük Magyarország legjobb alapkezelőit és)
[1164/1187] Letöltés (ID  947 | Portfolio   ): https://www.portfolio.hu/uzlet/20260908/meg-be-sem-mutattak-az-os...
      [✓] Mentve: 3x MD + Meta/NLP JSON (Cím: Még be sem mutatták az összehajtható iPhone-t)
[1165/1187] Letöltés (ID  953 | Portfolio   ): https://www.portfolio.hu/podcast/20260827/a-hod-megoldana-ingyen-...
      [✓] Mentve: 3x MD + Meta/NLP JSON (Cím: A hód megoldaná ingyen, de mi inkább millióka)
[1166/1187] Letöltés (ID 1144 | Portfolio   ): https://www.portfolio.hu/global/20260908/rendkivuli-riasztast-kap...
      [✓] Mentve: 3x MD + Meta/NLP JSON (Cím: Rendkívüli riasztást kaptak a lakosok a mobil)
[1167/1187] Letöltés (ID 1097 | Portfolio   ): https://www.agrarszektor.hu/fenntarthatosag/20260908/nincs-mese-h...
      [✓] Mentve: 3x MD + Meta/NLP JSON (Cím: Nincs mese, hatalmas területeket fognak vízze)
[1168/1187] Letöltés (ID  899 | Portfolio   ): https://www.portfolio.hu/gazdasag/20260908/hogyan-alakult-a-magya...
      [✓] Mentve: 3x MD + Meta/NLP JSON (Cím: Hogyan alakult a magyar áremelkedés? Itt a fr)
[1169/1187] Letöltés (ID  911 | Portfolio   ): https://www.portfolio.hu/uzlet/20260908/ujra-emelkedik-az-olajar-...
      [✓] Mentve: 3x MD + Meta/NLP JSON (Cím: Újra emelkedik az olajár - Mi történik a tőzs)
[1170/1187] Letöltés (ID 1071 | Portfolio   ): https://www.portfolio.hu/global/20260908/valosaggal-sorban-allnak...
      [✓] Mentve: 3x MD + Meta/NLP JSON (Cím: Valósággal sorban állnak Moszkvában az orosz )
[1171/1187] Letöltés (ID  915 | Portfolio   ): https://www.portfolio.hu/global/20260907/a-portfolio-technologiai...
      [✓] Mentve: 3x MD + Meta/NLP JSON (Cím: A Portfolio technológiai újságírót keres)
[1172/1187] Letöltés (ID 1029 | Portfolio   ): https://www.penzcentrum.hu/utazas/20260908/kegyetlenul-rafaznak-a...
      [✓] Mentve: 3x MD + Meta/NLP JSON (Cím: Kegyetlenül ráfáznak a csődbe ment utazási ir)
[1173/1187] Letöltés (ID 1012 | Portfolio   ): https://www.portfolio.hu/ingatlan/20260907/bontjak-rakosrendezo-r...
      [✓] Mentve: 3x MD + Meta/NLP JSON (Cím: Bontják Rákosrendező régi vasutas házait)
[1174/1187] Letöltés (ID  975 | Portfolio   ): https://www.portfolio.hu/gazdasag/20260907/elsivatagosodas-fenyeg...
      [✓] Mentve: 3x MD + Meta/NLP JSON (Cím: Elsivatagosodás fenyegeti Magyarországot - Gy)
[1175/1187] Letöltés (ID  905 | Portfolio   ): https://www.portfolio.hu/global/20260908/uzenetet-kapott-zelenszk...
      [✓] Mentve: 3x MD + Meta/NLP JSON (Cím: Újra lendületben a béketárgyalások, de Kijev )
[1176/1187] Letöltés (ID 1178 | Portfolio   ): https://www.penzcentrum.hu/vilag/20260909/elszabadult-a-pokol-a-k...
      [✓] Mentve: 3x MD + Meta/NLP JSON (Cím: Elszabadult a pokol a Közel-Keleten: Amerika )
[1177/1187] Letöltés (ID 1131 | Portfolio   ): https://www.portfolio.hu/uzlet/20260909/kiadtak-a-figyelmeztetest...
      [✓] Mentve: 3x MD + Meta/NLP JSON (Cím: Kiadták a figyelmeztetést a fél országra: ziv)
[1178/1187] Letöltés (ID 1072 | Portfolio   ): https://www.portfolio.hu/global/20260908/onnan-kapott-lesujto-vel...
      [✓] Mentve: 3x MD + Meta/NLP JSON (Cím: Onnan kapott lesújtó véleményt Amerika, ahonn)
[1179/1187] Letöltés (ID 1156 | Portfolio   ): https://www.portfolio.hu/global/20260908/tortenelmi-csucsra-lott-...
      [✓] Mentve: 3x MD + Meta/NLP JSON (Cím: Történelmi csúcsra lőtt az egyik legfontosabb)
[1180/1187] Letöltés (ID 1125 | Portfolio   ): https://www.portfolio.hu/deviza/20260909/fokozodik-az-olajar-para...
      [✓] Mentve: 3x MD + Meta/NLP JSON (Cím: Fokozódik az olajár-para, nyomás alatt a fori)
[1181/1187] Letöltés (ID 1105 | Portfolio   ): https://www.portfolio.hu/uzlet/20260909/kiderultek-a-2026-os-gree...
      [✓] Mentve: 3x MD + Meta/NLP JSON (Cím: Kiderültek a 2026-os Green Awards nyertesek! )
[1182/1187] Letöltés (ID 1042 | Portfolio   ): https://www.portfolio.hu/gazdasag/20260908/orban-anita-tiz-orosz-...
      [✓] Mentve: 3x MD + Meta/NLP JSON (Cím: Orbán Anita: tíz orosz diplomatát utasít ki a)
[1183/1187] Letöltés (ID 1008 | Portfolio   ): https://www.portfolio.hu/gazdasag/20260901/benyujtotta-a-kormany-...
      [✓] Mentve: 3x MD + Meta/NLP JSON (Cím: Benyújtotta a kormány az új 2026-os költségve)
[1184/1187] Letöltés (ID  909 | Portfolio   ): https://www.portfolio.hu/gazdasag/20260908/most-dol-el-milyen-les...
      [✓] Mentve: 3x MD + Meta/NLP JSON (Cím: Most dől el, milyen lesz a magyar egészségügy)
[1185/1187] Letöltés (ID  942 | Portfolio   ): https://www.portfolio.hu/gazdasag/20260908/maratoni-parlamenti-ul...
      [✓] Mentve: 3x MD + Meta/NLP JSON (Cím: Maratoni parlamenti ülésnap következik: kezdő)
[1186/1187] Letöltés (ID 1155 | Portfolio   ): https://www.portfolio.hu/global/20260908/vegleg-elszigetelodik-iz...
      [✓] Mentve: 3x MD + Meta/NLP JSON (Cím: Végleg elszigetelődik Izrael? Rendkívüli lépé)
[1187/1187] Letöltés (ID 1142 | Portfolio   ): https://www.portfolio.hu/gazdasag/20260908/magyar-bajor-egyuttmuk...
      [✓] Mentve: 3x MD + Meta/NLP JSON (Cím: Magyar–bajor együttműködés indulhat az egészs)

=======================================================
LETÖLTÉSI ÖSSZESÍTŐ:
  Sikeres: 1187
  Sikertelen:    0
=======================================================

